Date,Time,Site,Unit ID,User ID,°F-21A104910,mmHg-21A105443,DO %-21A106679,DO mg/L-21A106679,SPC-uS/cm-21A104910,C-uS/cm-21A104910,nLFC-uS/cm-21A104910,ohm-cm-21A104910,TDS mg/L-21A104910,SAL-PSU-21A104910,Density-21A104910,Density-T-21A104910,pH-21B101988,pH mV-21B101988,Phycocyanin RFU-21B101736,Phycocyanin ug/L-21B101736,Chlorophyll RFU-21B101736,Chlorophyll ug/L-21B101736,DEP m-20M103012,Vpos m-20M103012
8/11/2022,9:13:05 AM,Tank 24,Strauss lab 1,,70.561,753.4,96.7,8.55,175.6,163.6,176.7,6113,114,0.08,-2,-2,8.5,-183.8,0.41,0.39,1.04,4.07,-0.011,-0.017
8/11/2022,9:13:08 AM,Tank 24,Strauss lab 1,,70.569,753.4,100.9,8.92,175.5,163.5,176.6,6115,114,0.08,-2,-2,8.55,-186.4,0.41,0.39,1.02,3.99,-0.012,-0.015
8/11/2022,9:13:11 AM,Tank 24,Strauss lab 1,,70.575,753.4,101.9,9.01,175.5,163.5,176.6,6115,114,0.08,-2,-2,8.58,-188.2,0.44,0.42,0.95,3.69,-0.009,-0.013
8/11/2022,9:13:14 AM,Tank 24,Strauss lab 1,,70.572,753.4,102.6,9.07,175.5,163.6,176.7,6114,114,0.08,-2,-2,8.61,-190.1,0.3,0.28,0.97,3.78,-0.009,-0.016
8/11/2022,9:13:17 AM,Tank 24,Strauss lab 1,,70.567,753.4,103.2,9.12,175.6,163.6,176.7,6113,114,0.08,-2,-2,8.64,-191.9,0.3,0.28,1.01,3.92,-0.007,0.003
8/11/2022,9:13:20 AM,Tank 24,Strauss lab 1,,70.565,753.4,103.6,9.15,175.6,163.6,176.8,6112,114,0.08,-2,-2,8.67,-193.4,0.24,0.22,1.12,4.41,-0.009,0.002
8/11/2022,9:13:23 AM,Tank 24,Strauss lab 1,,70.566,753.5,104.4,9.23,175.6,163.6,176.7,6114,114,0.08,-2,-2,8.69,-194.8,0.37,0.35,1.07,4.17,-0.01,-0.017
8/11/2022,9:15:05 AM,Tank 26,Strauss lab 1,,76.4,753.4,88.4,7.34,193,191.8,193.1,5214,125,0.09,-2.8,-2.8,8.12,-162.6,0.43,0.41,0.3,0.98,-0.008,-0.017
8/11/2022,9:15:08 AM,Tank 26,Strauss lab 1,,76.406,753.5,89,7.4,193.1,191.8,193.2,5213,125,0.09,-2.8,-2.8,8.12,-162.7,0.39,0.37,0.34,1.13,-0.007,-0.007
8/11/2022,9:15:11 AM,Tank 26,Strauss lab 1,,76.414,753.4,89.8,7.46,193.9,192.7,194,5190,126,0.09,-2.8,-2.8,8.12,-162.5,0.33,0.31,0.39,1.36,-0.008,0.002
8/11/2022,9:15:14 AM,Tank 26,Strauss lab 1,,76.413,753.4,90.7,7.54,195,193.8,195.1,5161,127,0.09,-2.8,-2.8,8.11,-162.4,0.41,0.39,0.4,1.4,-0.011,-0.012
8/11/2022,9:15:17 AM,Tank 26,Strauss lab 1,,76.407,753.5,91.7,7.62,196.1,194.9,196.2,5131,127,0.09,-2.8,-2.8,8.11,-162.4,0.39,0.37,0.35,1.17,-0.011,-0.004
8/11/2022,9:15:20 AM,Tank 26,Strauss lab 1,,76.393,753.5,92.6,7.7,196.7,195.5,196.9,5116,128,0.09,-2.8,-2.8,8.12,-162.7,0.44,0.42,0.3,0.96,-0.01,-0.013
8/11/2022,9:15:23 AM,Tank 26,Strauss lab 1,,76.389,753.4,93.3,7.76,197,195.7,197.1,5109,128,0.09,-2.8,-2.8,8.13,-163.2,0.5,0.48,0.22,0.66,-0.01,-0.002
8/11/2022,9:15:26 AM,Tank 26,Strauss lab 1,,76.383,753.4,93.9,7.8,197.1,195.8,197.2,5107,128,0.09,-2.8,-2.8,8.14,-163.7,0.41,0.39,0.26,0.8,-0.01,-0.016
8/11/2022,9:15:29 AM,Tank 26,Strauss lab 1,,76.377,753.4,94.3,7.84,196.8,195.5,197,5114,128,0.09,-2.8,-2.8,8.15,-164.2,0.41,0.39,0.29,0.93,-0.01,-0.008
8/11/2022,9:15:32 AM,Tank 26,Strauss lab 1,,76.372,753.5,94.7,7.87,196.4,195.1,196.6,5125,128,0.09,-2.8,-2.8,8.16,-164.8,0.45,0.43,0.33,1.08,-0.008,0.002
8/11/2022,9:15:35 AM,Tank 26,Strauss lab 1,,76.368,753.5,95,7.9,196.2,194.9,196.4,5131,128,0.09,-2.8,-2.8,8.17,-165.3,0.44,0.42,0.32,1.06,-0.009,-0.017
8/11/2022,9:17:15 AM,Tank 59,Strauss lab 1,,76.35,753.4,94.1,7.82,218,216.5,218.1,4620,142,0.1,-2.8,-2.8,8.29,-172.7,0.22,0.2,0.91,3.53,-0.009,-0.018
8/11/2022,9:17:18 AM,Tank 59,Strauss lab 1,,76.348,753.4,94.3,7.84,217.9,216.4,218.1,4620,142,0.1,-2.8,-2.8,8.3,-172.9,0.16,0.14,0.88,3.4,-0.008,-0.012
8/11/2022,9:17:21 AM,Tank 59,Strauss lab 1,,76.347,753.4,94.5,7.86,217.9,216.4,218.1,4621,142,0.1,-2.8,-2.8,8.3,-173.2,0.21,0.18,0.96,3.71,-0.009,-0.004
8/11/2022,9:17:24 AM,Tank 59,Strauss lab 1,,76.345,753.5,94.7,7.87,217.9,216.4,218.1,4621,142,0.1,-2.8,-2.8,8.31,-173.4,0.26,0.23,0.96,3.7,-0.01,-0.005
8/11/2022,9:17:27 AM,Tank 59,Strauss lab 1,,76.344,753.3,94.8,7.88,217.9,216.4,218,4622,142,0.1,-2.8,-2.8,8.31,-173.6,0.39,0.37,0.99,3.83,-0.01,-0.002
8/11/2022,9:17:30 AM,Tank 59,Strauss lab 1,,76.344,753.4,95,7.9,217.9,216.3,218,4622,142,0.1,-2.8,-2.8,8.31,-173.8,0.41,0.39,0.99,3.83,-0.009,-0.012
8/11/2022,9:18:49 AM,Tank 58,Strauss lab 1,,76.825,753.5,91.6,7.58,187.2,186.9,187.3,5351,122,0.09,-2.9,-2.9,8.35,-176.3,0.08,0.06,0.11,0.2,-0.013,-0.013
8/11/2022,9:18:52 AM,Tank 58,Strauss lab 1,,76.825,753.4,91.9,7.6,187.2,186.9,187.3,5351,122,0.09,-2.9,-2.9,8.36,-176.5,0.3,0.28,0.16,0.38,-0.012,-0.001
8/11/2022,9:18:55 AM,Tank 58,Strauss lab 1,,76.825,753.4,92.2,7.63,187.2,186.9,187.2,5352,122,0.09,-2.9,-2.9,8.36,-176.7,0.33,0.31,0.19,0.54,-0.011,-0.014
8/11/2022,9:18:58 AM,Tank 58,Strauss lab 1,,76.825,753.4,92.4,7.64,187.2,186.8,187.2,5352,122,0.09,-2.9,-2.9,8.36,-176.9,0.36,0.34,0.18,0.48,-0.012,-0.025
8/11/2022,9:19:01 AM,Tank 58,Strauss lab 1,,76.825,753.4,92.6,7.66,187.2,186.8,187.2,5353,122,0.09,-2.9,-2.9,8.37,-177,0.33,0.31,0.15,0.35,-0.008,0.007
8/11/2022,9:19:04 AM,Tank 58,Strauss lab 1,,76.825,753.5,92.7,7.67,187.2,186.8,187.2,5353,122,0.09,-2.9,-2.9,8.37,-177.2,0.3,0.28,0.18,0.47,-0.009,0.001
8/11/2022,9:20:45 AM,Tank 54,Strauss lab 1,,70.764,753.3,91.8,8.1,180.5,168.6,181.7,5933,117,0.08,-2.1,-2.1,8.96,-210.3,0.15,0.13,0.63,2.33,-0.011,-0.012
8/11/2022,9:20:48 AM,Tank 54,Strauss lab 1,,70.774,753.4,92,8.12,180.5,168.6,181.6,5933,117,0.08,-2.1,-2.1,8.96,-210,0.16,0.14,0.62,2.31,-0.01,0.004
8/11/2022,9:20:51 AM,Tank 54,Strauss lab 1,,70.78,753.4,92.2,8.13,180.5,168.5,181.6,5933,117,0.08,-2.1,-2.1,8.95,-209.8,0.21,0.19,0.85,3.25,-0.013,-0.015
8/11/2022,9:20:54 AM,Tank 54,Strauss lab 1,,70.775,753.4,92.4,8.14,180.5,168.5,181.6,5934,117,0.08,-2.1,-2.1,8.95,-209.5,0.17,0.15,0.81,3.11,-0.013,-0.025
8/11/2022,9:20:57 AM,Tank 54,Strauss lab 1,,70.76,753.4,92.5,8.16,180.5,168.5,181.6,5933,117,0.08,-2.1,-2.1,8.94,-209.1,0.17,0.15,0.82,3.14,-0.01,-0.014
8/11/2022,9:21:00 AM,Tank 54,Strauss lab 1,,70.738,753.5,92.7,8.17,180.5,168.5,181.7,5933,117,0.08,-2.1,-2.1,8.94,-208.7,0.21,0.18,0.65,2.44,-0.011,-0.014
8/11/2022,9:23:05 AM,Tank 39,Strauss lab 1,,71.009,753.4,100.8,8.87,170.6,159.8,171.7,6259,111,0.08,-2.1,-2.1,8.85,-203.7,0.23,0.21,0.29,0.94,-0.01,-0.02
8/11/2022,9:23:08 AM,Tank 39,Strauss lab 1,,70.973,753.4,101.1,8.9,170.5,159.6,171.6,6264,111,0.08,-2.1,-2.1,8.85,-203.9,0.22,0.2,0.39,1.34,-0.009,0.001
8/11/2022,9:23:11 AM,Tank 39,Strauss lab 1,,70.896,753.4,101.5,8.93,169.9,158.9,171,6292,110,0.08,-2.1,-2.1,8.86,-204.2,0.23,0.21,0.42,1.46,-0.011,-0.02
8/11/2022,9:23:14 AM,Tank 39,Strauss lab 1,,70.787,753.3,102.1,9,170,158.8,171.1,6298,110,0.08,-2.1,-2.1,8.87,-204.7,0.14,0.12,0.42,1.49,-0.013,-0.02
8/11/2022,9:23:17 AM,Tank 39,Strauss lab 1,,70.718,753.4,102.8,9.07,170.1,158.8,171.2,6299,111,0.08,-2.1,-2.1,8.87,-205.2,0.12,0.1,0.43,1.53,-0.012,-0.025
8/11/2022,9:23:20 AM,Tank 39,Strauss lab 1,,70.708,753.4,103.6,9.14,170.9,159.5,172,6270,111,0.08,-2.1,-2.1,8.88,-205.6,0.14,0.12,0.38,1.31,-0.011,-0.008
8/11/2022,9:24:53 AM,Tank 40,Strauss lab 1,,70.743,753.4,105.3,9.29,171,159.6,172.1,6264,111,0.08,-2.1,-2.1,8.89,-205.9,0.35,0.33,1.23,4.83,-0.013,-0.006
8/11/2022,9:24:55 AM,Tank 40,Strauss lab 1,,70.71,753.3,105.7,9.33,170.6,159.3,171.7,6279,111,0.08,-2.1,-2.1,8.89,-206.1,0.39,0.37,1.23,4.83,-0.013,-0.006
8/11/2022,9:24:58 AM,Tank 40,Strauss lab 1,,70.673,753.3,106.2,9.37,170.3,158.8,171.3,6296,111,0.08,-2,-2,8.89,-206.4,0.27,0.25,1.2,4.71,-0.014,-0.019
8/11/2022,9:25:01 AM,Tank 40,Strauss lab 1,,70.623,753.4,106.8,9.43,170.1,158.6,171.2,6304,111,0.08,-2,-2,8.9,-206.9,0.34,0.32,1.2,4.72,-0.011,-0.004
8/11/2022,9:25:04 AM,Tank 40,Strauss lab 1,,70.601,753.3,107.4,9.49,170.2,158.7,171.3,6303,111,0.08,-2,-2,8.91,-207.4,0.28,0.26,1.11,4.35,-0.013,-0.02
8/11/2022,9:25:07 AM,Tank 40,Strauss lab 1,,70.574,753.3,108.1,9.55,170.7,159,171.8,6288,111,0.08,-2,-2,8.92,-207.9,0.33,0.31,1.06,4.12,-0.012,-0.015
8/11/2022,9:26:43 AM,Tank 43,Strauss lab 1,,76.127,753.4,94.4,7.87,186.8,185,187,5404,121,0.09,-2.8,-2.8,8.46,-182.2,0.44,0.42,1.75,6.99,-0.012,-0.023
8/11/2022,9:26:46 AM,Tank 43,Strauss lab 1,,76.143,753.3,94.7,7.89,186.8,185.1,187,5403,121,0.09,-2.8,-2.8,8.46,-182.2,0.32,0.3,1.64,6.54,-0.012,0
8/11/2022,9:26:49 AM,Tank 43,Strauss lab 1,,76.172,753.2,95.2,7.93,187.1,185.5,187.3,5392,122,0.09,-2.8,-2.8,8.45,-182,0.33,0.31,1.64,6.55,-0.012,-0.009
8/11/2022,9:26:52 AM,Tank 43,Strauss lab 1,,76.192,753.4,95.8,7.98,187.5,185.9,187.6,5380,122,0.09,-2.8,-2.8,8.45,-181.8,0.4,0.38,1.8,7.21,-0.013,-0.019
8/11/2022,9:26:55 AM,Tank 43,Strauss lab 1,,76.198,753.3,96.5,8.04,187.8,186.2,187.9,5372,122,0.09,-2.8,-2.8,8.45,-181.7,0.42,0.4,1.79,7.16,-0.013,-0.027
8/11/2022,9:26:58 AM,Tank 43,Strauss lab 1,,76.18,753.3,97.1,8.09,188,186.4,188.2,5366,122,0.09,-2.8,-2.8,8.45,-182,0.46,0.44,1.61,6.43,-0.01,-0.008
8/11/2022,9:28:40 AM,Tank 44,Strauss lab 1,,75.881,753.2,92.6,7.74,199.9,197.5,200.1,5063,130,0.09,-2.7,-2.7,8.49,-184,0.17,0.15,0.57,2.08,-0.012,-0.012
8/11/2022,9:28:43 AM,Tank 44,Strauss lab 1,,75.88,753.4,92.8,7.75,199.7,197.3,200,5067,130,0.09,-2.7,-2.7,8.49,-184,0.33,0.31,0.67,2.53,-0.012,-0.023
8/11/2022,9:28:46 AM,Tank 44,Strauss lab 1,,75.872,753.4,93.1,7.78,199.7,197.3,200,5068,130,0.09,-2.7,-2.7,8.49,-183.9,0.46,0.44,0.84,3.22,-0.01,-0.009
8/11/2022,9:28:49 AM,Tank 44,Strauss lab 1,,75.855,753.3,93.4,7.81,199.8,197.4,200,5067,130,0.09,-2.7,-2.7,8.49,-183.8,0.51,0.49,1.02,3.97,-0.011,0
8/11/2022,9:28:52 AM,Tank 44,Strauss lab 1,,75.836,753.3,93.9,7.85,200.2,197.7,200.5,5057,130,0.09,-2.7,-2.7,8.49,-183.8,0.43,0.41,1.06,4.16,-0.012,-0.006
8/11/2022,9:28:55 AM,Tank 44,Strauss lab 1,,75.822,753.4,94.3,7.88,200.8,198.3,201.1,5043,131,0.09,-2.7,-2.7,8.49,-183.9,0.46,0.44,1.12,4.39,-0.012,-0.018
8/11/2022,9:28:58 AM,Tank 44,Strauss lab 1,,75.814,753.3,94.7,7.91,201.1,198.6,201.4,5035,131,0.09,-2.7,-2.7,8.49,-184,0.48,0.46,0.54,1.96,-0.011,-0.012
8/11/2022,9:30:58 AM,Tank 57,Strauss lab 1,,75.788,753.3,89.3,7.47,206.8,204.2,207.1,4898,134,0.1,-2.7,-2.7,8.47,-182.9,0.65,0.63,0.4,1.38,-0.012,-0.004
8/11/2022,9:31:01 AM,Tank 57,Strauss lab 1,,75.779,753.4,89.5,7.48,206.6,203.9,206.9,4904,134,0.1,-2.7,-2.7,8.47,-182.9,0.57,0.55,0.5,1.8,-0.013,-0.005
8/11/2022,9:31:04 AM,Tank 57,Strauss lab 1,,75.751,753.4,89.7,7.51,120.7,119.1,120.9,8395,78,0.06,-2.7,-2.7,8.47,-182.9,0.67,0.65,0.57,2.1,-0.012,-0.001
8/11/2022,9:31:07 AM,Tank 57,Strauss lab 1,,75.713,753.2,90.1,7.54,109.4,107.9,109.6,9264,71,0.05,-2.7,-2.7,8.47,-182.9,0.69,0.67,0.7,2.64,-0.012,-0.019
8/11/2022,9:31:10 AM,Tank 57,Strauss lab 1,,75.679,753.4,90.5,7.58,106.1,104.6,106.2,9560,69,0.05,-2.7,-2.7,8.47,-182.9,0.77,0.75,0.81,3.11,-0.013,-0.028
8/11/2022,9:33:29 AM,Tank 27,Strauss lab 1,,75.802,753.3,99.7,8.33,205.2,202.6,205.4,4937,133,0.1,-2.7,-2.7,8.54,-187.1,1.05,1.04,2.43,9.84,-0.011,0.003
8/11/2022,9:33:32 AM,Tank 27,Strauss lab 1,,75.803,753.3,100,8.36,205.5,202.9,205.8,4929,134,0.1,-2.7,-2.7,8.55,-187.3,1.04,1.02,2.61,10.58,-0.012,-0.013
8/11/2022,9:33:35 AM,Tank 27,Strauss lab 1,,75.788,753.2,100.4,8.4,206,203.4,206.3,4917,134,0.1,-2.7,-2.7,8.55,-187.6,1.21,1.19,3.41,13.9,-0.013,-0.022
8/11/2022,9:33:38 AM,Tank 27,Strauss lab 1,,75.766,753.3,101.1,8.45,206.3,203.6,206.5,4913,134,0.1,-2.7,-2.7,8.56,-188,1.58,1.57,4.09,16.76,-0.012,-0.011
8/11/2022,9:33:41 AM,Tank 27,Strauss lab 1,,75.735,753.2,101.9,8.53,206.6,203.9,206.9,4905,134,0.1,-2.7,-2.7,8.57,-188.5,1.72,1.72,4.35,17.81,-0.011,-0.003
8/11/2022,9:33:44 AM,Tank 27,Strauss lab 1,,75.714,753.3,102.7,8.6,206.6,203.8,206.9,4908,134,0.1,-2.7,-2.7,8.58,-189.2,1.7,1.69,8.37,34.56,-0.012,-0.006
8/11/2022,9:35:21 AM,Tank 21,Strauss lab 1,,69.608,753.4,98.3,8.78,185.6,171.1,187,5845,121,0.09,-1.9,-1.9,9.19,-223.1,0.91,0.9,0.45,1.6,-0.011,-0.004
8/11/2022,9:35:24 AM,Tank 21,Strauss lab 1,,69.557,753.5,98.4,8.79,144.1,132.8,145.2,7533,94,0.07,-1.9,-1.9,9.19,-223.3,0.81,0.8,0.6,2.22,-0.011,-0.003
8/11/2022,9:35:27 AM,Tank 21,Strauss lab 1,,69.449,753.2,98.7,8.83,167,153.6,168.3,6509,109,0.08,-1.9,-1.9,9.2,-223.8,1.02,1,0.72,2.73,-0.013,-0.018
8/11/2022,9:35:30 AM,Tank 21,Strauss lab 1,,69.35,753.4,99.1,8.87,178,163.6,179.4,6114,116,0.08,-1.9,-1.9,9.21,-224.3,0.93,0.92,0.77,2.93,-0.013,-0.002
8/11/2022,9:35:33 AM,Tank 21,Strauss lab 1,,69.253,753.3,99.9,8.95,181,166.1,182.4,6020,118,0.09,-1.9,-1.9,9.22,-224.7,0.82,0.8,0.66,2.48,-0.013,-0.005
8/11/2022,9:35:36 AM,Tank 21,Strauss lab 1,,69.243,753.4,100.7,9.03,112.7,103.4,113.5,9672,73,0.05,-1.9,-1.9,9.22,-224.8,0.75,0.74,0.65,2.43,-0.013,-0.02
8/11/2022,9:37:52 AM,Tank 12,Strauss lab 1,,75.406,753.4,95.8,8.04,192.7,189.5,193.1,5278,125,0.09,-2.7,-2.7,8.55,-187.2,1.47,1.46,0.12,0.24,-0.009,-0.004
8/11/2022,9:37:55 AM,Tank 12,Strauss lab 1,,75.413,753.3,96.1,8.07,192.7,189.4,193,5279,125,0.09,-2.7,-2.7,8.55,-187.1,1.35,1.34,0.17,0.42,-0.011,-0.004
8/11/2022,9:37:58 AM,Tank 12,Strauss lab 1,,75.426,753.3,96.6,8.11,192.5,189.3,192.9,5282,125,0.09,-2.7,-2.7,8.54,-187,1.46,1.45,0.19,0.52,-0.013,-0.009
8/11/2022,9:38:01 AM,Tank 12,Strauss lab 1,,75.43,753.4,97.4,8.17,192.5,189.3,192.8,5284,125,0.09,-2.7,-2.7,8.54,-186.8,1.44,1.43,0.2,0.58,-0.015,-0.017
8/11/2022,9:38:04 AM,Tank 12,Strauss lab 1,,75.425,753.3,98.2,8.24,192.4,189.2,192.8,5285,125,0.09,-2.7,-2.7,8.54,-186.8,1.53,1.52,0.28,0.88,-0.013,-0.015
8/11/2022,9:38:07 AM,Tank 12,Strauss lab 1,,75.407,753.4,98.9,8.3,192.8,189.6,193.2,5275,125,0.09,-2.7,-2.7,8.54,-186.9,1.55,1.55,0.33,1.1,-0.011,-0.006
8/11/2022,9:39:56 AM,Tank 53,Strauss lab 1,,69.878,753.4,82.1,7.31,191.9,177.4,193.3,5637,125,0.09,-1.9,-1.9,8.92,-207.5,0.29,0.27,0.19,0.5,-0.012,0.003
8/11/2022,9:39:59 AM,Tank 53,Strauss lab 1,,69.834,753.4,82.4,7.34,192.1,177.5,193.5,5634,125,0.09,-1.9,-1.9,8.92,-207.8,0.2,0.18,0.19,0.52,-0.012,-0.016
8/11/2022,9:40:02 AM,Tank 53,Strauss lab 1,,69.737,753.3,82.6,7.36,191.9,177.1,193.3,5647,125,0.09,-1.9,-1.9,8.93,-208.2,0.08,0.05,0.15,0.34,-0.012,-0.028
8/11/2022,9:40:05 AM,Tank 53,Strauss lab 1,,69.64,753.4,82.8,7.39,192,177,193.4,5650,125,0.09,-1.9,-1.9,8.94,-208.7,0.16,0.14,0.13,0.28,-0.009,0
8/11/2022,9:40:08 AM,Tank 53,Strauss lab 1,,69.569,753.4,83.2,7.43,192,176.9,193.4,5654,125,0.09,-1.9,-1.9,8.94,-208.9,0.14,0.12,0.18,0.47,-0.009,-0.006
8/11/2022,9:40:11 AM,Tank 53,Strauss lab 1,,69.561,753.3,83.8,7.48,192.4,177.2,193.8,5644,125,0.09,-1.9,-1.9,8.94,-208.9,0.16,0.13,0.22,0.65,-0.011,-0.007
8/11/2022,9:41:35 AM,Tank 56,Strauss lab 1,,69.586,753.4,97.8,8.73,165.3,152.3,166.6,6565,107,0.08,-1.9,-1.9,8.83,-202.5,0.27,0.25,0.47,1.7,-0.01,-0.012
8/11/2022,9:41:38 AM,Tank 56,Strauss lab 1,,69.552,753.4,98.1,8.76,165.5,152.5,166.8,6559,108,0.08,-1.9,-1.9,8.83,-202.6,0.4,0.38,0.48,1.75,-0.009,-0.001
8/11/2022,9:41:41 AM,Tank 56,Strauss lab 1,,69.499,753.4,98.4,8.8,165.7,152.5,167,6556,108,0.08,-1.9,-1.9,8.84,-202.8,0.43,0.41,0.45,1.58,-0.009,0
8/11/2022,9:41:44 AM,Tank 56,Strauss lab 1,,69.418,753.4,99,8.86,165.9,152.6,167.2,6554,108,0.08,-1.9,-1.9,8.84,-203.3,0.5,0.48,0.42,1.47,-0.011,-0.004
8/11/2022,9:41:47 AM,Tank 56,Strauss lab 1,,69.358,753.4,99.8,8.93,165.8,152.4,167.1,6562,108,0.08,-1.9,-1.9,8.85,-203.5,0.49,0.47,0.45,1.6,-0.012,-0.001
8/11/2022,9:41:50 AM,Tank 56,Strauss lab 1,,69.336,753.4,100.6,9.01,165.7,152.2,167,6569,108,0.08,-1.9,-1.9,8.85,-203.5,0.42,0.4,0.49,1.75,-0.013,-0.023
8/11/2022,9:44:39 AM,Tank 41,Strauss lab 1,,76.013,753.4,90.1,7.52,187.9,186,188.1,5377,122,0.09,-2.7,-2.7,8.26,-170.7,0.31,0.28,1.57,6.26,-0.012,-0.019
8/11/2022,9:44:42 AM,Tank 41,Strauss lab 1,,76.026,753.3,90.2,7.52,109.1,108,109.2,9262,71,0.05,-2.8,-2.8,8.26,-170.7,0.29,0.27,1.81,7.27,-0.01,-0.005
8/11/2022,9:44:45 AM,Tank 41,Strauss lab 1,,76.068,753.3,90.3,7.53,104.7,103.6,104.8,9648,68,0.05,-2.8,-2.8,8.25,-170.4,0.37,0.35,1.18,4.62,-0.011,0.001
8/11/2022,9:44:48 AM,Tank 41,Strauss lab 1,,76.096,753.3,90.4,7.54,187.9,186.1,188.1,5374,122,0.09,-2.8,-2.8,8.25,-170.1,0.37,0.34,0.9,3.49,-0.015,-0.018
8/11/2022,9:44:51 AM,Tank 41,Strauss lab 1,,76.115,753.4,90.5,7.55,189.5,187.7,189.7,5327,123,0.09,-2.8,-2.8,8.24,-169.8,0.47,0.45,1.11,4.35,-0.016,-0.028
8/11/2022,9:44:54 AM,Tank 41,Strauss lab 1,,76.096,753.3,90.7,7.56,185.6,183.8,185.8,5441,121,0.09,-2.8,-2.8,8.24,-169.7,0.4,0.38,1.25,4.95,-0.012,-0.015
8/11/2022,9:46:43 AM,Tank 38,Strauss lab 1,,70.023,753.5,100.5,8.94,174.2,161.3,175.4,6200,113,0.08,-2,-2,8.81,-201.1,0.35,0.33,0.32,1.05,-0.011,-0.018
8/11/2022,9:46:46 AM,Tank 38,Strauss lab 1,,69.986,753.3,100.8,8.97,174.3,161.3,175.5,6198,113,0.08,-2,-2,8.81,-201.4,0.42,0.4,0.32,1.04,-0.012,-0.01
8/11/2022,9:46:49 AM,Tank 38,Strauss lab 1,,69.894,753.3,101.2,9.01,174.5,161.4,175.8,6197,113,0.08,-2,-2,8.82,-201.9,0.33,0.31,0.32,1.07,-0.013,-0.017
8/11/2022,9:46:52 AM,Tank 38,Strauss lab 1,,69.776,753.3,101.8,9.07,174.8,161.4,176,6197,114,0.08,-1.9,-1.9,8.83,-202.5,0.26,0.23,0.37,1.27,-0.013,-0.02
8/11/2022,9:46:55 AM,Tank 38,Strauss lab 1,,69.675,753.4,103,9.19,174.9,161.3,176.2,6199,114,0.08,-1.9,-1.9,8.84,-203.2,0.24,0.22,0.41,1.42,-0.011,-0.019
8/11/2022,9:46:58 AM,Tank 38,Strauss lab 1,,69.653,753.3,104,9.28,174.9,161.3,176.2,6200,114,0.08,-1.9,-1.9,8.85,-203.7,0.14,0.12,0.4,1.39,-0.01,0.004
8/11/2022,9:49:36 AM,Tank 25,Strauss lab 1,,75.843,753.4,96.1,8.04,188,185.6,188.2,5387,122,0.09,-2.7,-2.7,8.3,-172.9,0.37,0.34,0.11,0.18,-0.011,-0.001
8/11/2022,9:49:39 AM,Tank 25,Strauss lab 1,,75.851,753.4,96.4,8.06,188,185.7,188.3,5384,122,0.09,-2.7,-2.7,8.3,-172.9,0.45,0.43,0.08,0.05,-0.016,-0.018
8/11/2022,9:49:42 AM,Tank 25,Strauss lab 1,,75.864,753.4,96.8,8.09,188.5,186.2,188.7,5370,123,0.09,-2.7,-2.7,8.29,-172.7,0.54,0.52,0.09,0.12,-0.016,-0.019
8/11/2022,9:49:45 AM,Tank 25,Strauss lab 1,,75.869,753.4,97.3,8.13,188.9,186.6,189.1,5358,123,0.09,-2.7,-2.7,8.29,-172.5,0.52,0.5,0.1,0.15,-0.013,-0.015
8/11/2022,9:49:48 AM,Tank 25,Strauss lab 1,,75.868,753.3,97.9,8.18,189.2,186.9,189.4,5350,123,0.09,-2.7,-2.7,8.29,-172.4,0.38,0.36,0.15,0.37,-0.012,-0.017
8/11/2022,9:49:51 AM,Tank 25,Strauss lab 1,,75.854,753.4,98.4,8.22,189.3,187,189.5,5348,123,0.09,-2.7,-2.7,8.29,-172.6,0.39,0.37,0.1,0.16,-0.012,-0.002
8/11/2022,9:51:34 AM,Tank 06,Strauss lab 1,,70.941,753.4,96.1,8.46,163.5,152.9,164.5,6538,106,0.08,-2.1,-2.1,8.77,-199.1,0.19,0.17,0.06,-0.04,-0.011,0.004
8/11/2022,9:51:37 AM,Tank 06,Strauss lab 1,,70.866,753.4,96.9,8.53,163.5,152.9,164.6,6540,106,0.08,-2.1,-2.1,8.78,-199.6,0.22,0.2,0.11,0.17,-0.015,-0.014
8/11/2022,9:51:40 AM,Tank 06,Strauss lab 1,,70.715,753.4,97.6,8.61,163.6,152.7,164.7,6547,106,0.08,-2.1,-2.1,8.79,-200.2,0.25,0.23,0.14,0.32,-0.014,-0.021
8/11/2022,9:51:43 AM,Tank 06,Strauss lab 1,,70.583,753.4,98.4,8.69,163.7,152.5,164.7,6555,106,0.08,-2,-2,8.8,-200.7,0.27,0.25,0.24,0.71,-0.012,-0.014
8/11/2022,9:51:46 AM,Tank 06,Strauss lab 1,,70.49,753.4,99.7,8.82,87.4,81.4,88,12292,57,0.04,-2.1,-2.1,8.81,-201.2,0.31,0.29,0.29,0.92,-0.01,-0.002
8/11/2022,9:53:08 AM,Tank 07,Strauss lab 1,,70.636,753.4,92.3,8.15,166.7,155.4,167.8,6434,108,0.08,-2,-2,8.72,-196.5,0.28,0.26,1.13,4.44,-0.009,-0.015
8/11/2022,9:53:11 AM,Tank 07,Strauss lab 1,,70.617,753.4,92.6,8.18,166.7,155.4,167.8,6434,108,0.08,-2,-2,8.72,-196.4,0.32,0.3,1.05,4.11,-0.009,-0.023
8/11/2022,9:53:14 AM,Tank 07,Strauss lab 1,,70.541,753.5,92.9,8.21,166.9,155.4,168,6434,108,0.08,-2,-2,8.72,-196.4,0.27,0.25,0.91,3.52,-0.01,-0.004
8/11/2022,9:53:17 AM,Tank 07,Strauss lab 1,,70.465,753.3,93.3,8.25,167.1,155.5,168.2,6431,109,0.08,-2,-2,8.72,-196.5,0.24,0.22,0.66,2.48,-0.011,0.003
8/11/2022,9:53:20 AM,Tank 07,Strauss lab 1,,70.398,753.5,93.8,8.3,167.3,155.5,168.4,6429,109,0.08,-2,-2,8.72,-196.5,0.29,0.27,0.49,1.75,-0.012,-0.006
8/11/2022,9:54:37 AM,Tank 09,Strauss lab 1,,75.734,753.3,85.1,7.12,189.5,187,189.8,5348,123,0.09,-2.7,-2.7,8.2,-167.1,0.44,0.42,0.68,2.57,-0.009,-0.019
8/11/2022,9:54:40 AM,Tank 09,Strauss lab 1,,75.707,753.4,85.6,7.16,189.6,187,189.9,5347,123,0.09,-2.7,-2.7,8.19,-166.9,0.3,0.28,0.58,2.14,-0.007,-0.003
8/11/2022,9:54:43 AM,Tank 09,Strauss lab 1,,75.737,753.4,86.1,7.21,188.4,185.9,188.7,5379,122,0.09,-2.7,-2.7,8.19,-166.6,0.3,0.28,0.51,1.85,-0.009,-0.013
8/11/2022,9:54:46 AM,Tank 09,Strauss lab 1,,75.772,753.5,86.6,7.24,188.6,186.2,188.9,5372,123,0.09,-2.7,-2.7,8.18,-166.3,0.2,0.17,0.35,1.18,-0.013,-0.006
8/11/2022,9:54:49 AM,Tank 09,Strauss lab 1,,75.813,753.5,87.1,7.28,182.2,179.9,182.5,5557,118,0.09,-2.7,-2.7,8.18,-166,0.22,0.19,0.31,1.04,-0.013,-0.009
8/11/2022,9:56:10 AM,Tank 11,Strauss lab 1,,75.539,753.5,87.1,7.3,194.5,191.4,194.8,5223,126,0.09,-2.7,-2.7,8.19,-166.5,0.23,0.21,0.38,1.32,-0.013,-0.02
8/11/2022,9:56:13 AM,Tank 11,Strauss lab 1,,75.555,753.5,87.4,7.33,194.3,191.4,194.6,5226,126,0.09,-2.7,-2.7,8.19,-166.6,0.25,0.23,0.37,1.27,-0.013,-0.026
8/11/2022,9:56:16 AM,Tank 11,Strauss lab 1,,75.585,753.5,87.8,7.36,194.3,191.4,194.6,5225,126,0.09,-2.7,-2.7,8.19,-166.6,0.37,0.35,0.54,1.98,-0.011,-0.014
8/11/2022,9:56:19 AM,Tank 11,Strauss lab 1,,75.616,753.3,88.2,7.39,194.7,191.8,195,5213,127,0.09,-2.7,-2.7,8.19,-166.5,0.41,0.39,0.85,3.25,-0.013,-0.004
8/11/2022,9:56:22 AM,Tank 11,Strauss lab 1,,75.633,753.4,88.8,7.44,193.6,190.8,193.9,5242,126,0.09,-2.7,-2.7,8.19,-166.5,0.46,0.44,0.99,3.85,-0.015,-0.015
8/11/2022,9:58:59 AM,Tank 23,Strauss lab 1,,70.87,753.4,98.8,8.7,171.5,160.3,172.6,6237,111,0.08,-2.1,-2.1,8.63,-191,0.4,0.38,0.18,0.46,-0.01,-0.014
8/11/2022,9:59:02 AM,Tank 23,Strauss lab 1,,70.868,753.5,98.9,8.72,170.6,159.5,171.7,6269,111,0.08,-2.1,-2.1,8.63,-191,0.33,0.31,0.15,0.36,-0.01,-0.016
8/11/2022,9:59:05 AM,Tank 23,Strauss lab 1,,70.8,753.5,99.1,8.73,170.6,159.4,171.7,6274,111,0.08,-2.1,-2.1,8.63,-191.1,0.3,0.28,0.2,0.58,-0.01,-0.002
8/11/2022,9:59:08 AM,Tank 23,Strauss lab 1,,70.707,753.5,99.5,8.77,170.8,159.4,171.9,6273,111,0.08,-2.1,-2.1,8.63,-191.4,0.36,0.34,0.2,0.56,-0.011,0
8/11/2022,9:59:11 AM,Tank 23,Strauss lab 1,,70.621,753.5,100,8.83,171.3,159.7,172.4,6262,111,0.08,-2,-2,8.64,-191.6,0.42,0.4,0.2,0.58,-0.011,-0.009
8/11/2022,10:00:51 AM,Tank 28,Strauss lab 1,,75.587,753.5,96.5,8.09,194.6,191.7,194.9,5216,127,0.09,-2.7,-2.7,8.21,-167.9,0.69,0.67,0.16,0.39,-0.011,-0.001
8/11/2022,10:00:54 AM,Tank 28,Strauss lab 1,,75.644,753.4,96.9,8.12,194.8,192,195.1,5208,127,0.09,-2.7,-2.7,8.21,-167.9,0.74,0.72,0.17,0.42,-0.012,-0.016
8/11/2022,10:00:57 AM,Tank 28,Strauss lab 1,,75.696,753.4,97.4,8.15,195,192.3,195.2,5201,127,0.09,-2.7,-2.7,8.21,-167.9,0.69,0.68,0.21,0.62,-0.012,-0.027
8/11/2022,10:01:00 AM,Tank 28,Strauss lab 1,,75.734,753.4,97.9,8.2,194.7,192.1,195,5206,127,0.09,-2.7,-2.7,8.21,-167.8,0.7,0.68,0.29,0.94,-0.009,-0.013
8/11/2022,10:01:03 AM,Tank 28,Strauss lab 1,,75.749,753.5,98.6,8.25,194.2,191.6,194.4,5220,126,0.09,-2.7,-2.7,8.21,-167.8,0.73,0.72,0.26,0.79,-0.009,0.005
8/11/2022,10:01:06 AM,Tank 28,Strauss lab 1,,75.743,753.5,99.1,8.29,193.8,191.2,194.1,5229,126,0.09,-2.7,-2.7,8.21,-167.9,0.8,0.78,0.26,0.8,-0.012,-0.006
8/11/2022,10:03:03 AM,Tank 42,Strauss lab 1,,75.74,753.5,90.5,7.57,199.2,196.6,199.5,5087,130,0.09,-2.7,-2.7,8.24,-169.3,0.5,0.48,1.39,5.51,-0.011,0.001
8/11/2022,10:03:06 AM,Tank 42,Strauss lab 1,,75.762,753.4,90.7,7.59,199.1,196.5,199.3,5090,129,0.09,-2.7,-2.7,8.24,-169.4,0.55,0.53,0.16,0.4,-0.012,-0.018
8/11/2022,10:03:09 AM,Tank 42,Strauss lab 1,,75.813,753.5,91,7.61,198.8,196.3,199,5095,129,0.09,-2.7,-2.7,8.23,-169.3,0.58,0.56,0.54,1.98,-0.009,-0.019
8/11/2022,10:03:12 AM,Tank 42,Strauss lab 1,,75.858,753.4,91.4,7.64,198.5,196.1,198.8,5099,129,0.09,-2.7,-2.7,8.23,-169.1,0.6,0.58,0.54,1.97,-0.01,-0.004
8/11/2022,10:03:15 AM,Tank 42,Strauss lab 1,,75.881,753.5,91.9,7.68,198.5,196.1,198.7,5098,129,0.09,-2.7,-2.7,8.23,-168.9,0.45,0.43,0.54,1.99,-0.011,0.001
8/11/2022,10:05:52 AM,Tank 55,Strauss lab 1,,70.697,753.4,97.9,8.64,168.1,156.9,169.2,6375,109,0.08,-2.1,-2.1,8.61,-189.9,0.38,0.36,0.25,0.76,-0.013,-0.013
8/11/2022,10:05:55 AM,Tank 55,Strauss lab 1,,70.674,753.4,98,8.65,168.1,156.8,169.2,6376,109,0.08,-2.1,-2.1,8.61,-189.9,0.29,0.27,0.34,1.15,-0.012,-0.001
8/11/2022,10:05:58 AM,Tank 55,Strauss lab 1,,70.622,753.5,98,8.66,168.2,156.8,169.3,6377,109,0.08,-2,-2,8.61,-190,0.25,0.23,0.42,1.49,-0.012,-0.001
8/11/2022,10:06:01 AM,Tank 55,Strauss lab 1,,70.579,753.4,98.2,8.68,168.2,156.7,169.3,6381,109,0.08,-2,-2,8.61,-190.1,0.26,0.24,0.4,1.37,-0.012,-0.003
8/11/2022,10:06:04 AM,Tank 55,Strauss lab 1,,70.539,753.4,98.5,8.71,168.1,156.6,169.2,6386,109,0.08,-2,-2,8.61,-190.1,0.28,0.26,0.33,1.09,-0.013,-0.005
8/11/2022,10:06:07 AM,Tank 55,Strauss lab 1,,70.533,753.5,99,8.75,167.9,156.4,169.1,6393,109,0.08,-2,-2,8.61,-190,0.37,0.35,0.2,0.58,-0.013,-0.004
8/11/2022,10:07:40 AM,Tank 60,Strauss lab 1,,75.363,753.4,92.4,7.76,197,193.6,197.3,5166,128,0.09,-2.7,-2.7,8.16,-165.1,1.02,1.01,0.51,1.86,-0.014,-0.016
8/11/2022,10:07:43 AM,Tank 60,Strauss lab 1,,75.398,753.5,92.6,7.78,197.1,193.8,197.5,5161,128,0.09,-2.7,-2.7,8.16,-165,0.93,0.91,0.5,1.82,-0.013,-0.017
8/11/2022,10:07:46 AM,Tank 60,Strauss lab 1,,75.462,753.5,92.9,7.8,197.4,194.2,197.8,5149,128,0.09,-2.7,-2.7,8.16,-164.8,0.9,0.89,0.57,2.09,-0.013,-0.017
8/11/2022,10:07:49 AM,Tank 60,Strauss lab 1,,75.526,753.4,93.3,7.82,197.5,194.5,197.9,5143,128,0.09,-2.7,-2.7,8.15,-164.5,0.81,0.8,0.58,2.16,-0.012,-0.016
8/11/2022,10:07:52 AM,Tank 60,Strauss lab 1,,75.561,753.5,93.6,7.85,197.7,194.7,198,5137,129,0.09,-2.7,-2.7,8.15,-164.3,0.86,0.84,0.58,2.16,-0.012,-0.004
8/11/2022,10:07:55 AM,Tank 60,Strauss lab 1,,75.554,753.4,93.9,7.87,197.7,194.7,198,5136,129,0.09,-2.7,-2.7,8.15,-164.3,0.82,0.8,0.55,2,-0.012,0
8/11/2022,10:10:01 AM,Tank 05,Strauss lab 1,,69.595,753.5,101.3,9.05,175,161.3,176.3,6201,114,0.08,-1.9,-1.9,8.62,-190.5,0.35,0.33,0.28,0.89,-0.007,0.014
8/11/2022,10:10:04 AM,Tank 05,Strauss lab 1,,69.582,753.5,101.6,9.07,175.1,161.3,176.4,6200,114,0.08,-1.9,-1.9,8.62,-190.5,0.42,0.4,0.35,1.18,-0.008,-0.003
8/11/2022,10:10:07 AM,Tank 05,Strauss lab 1,,69.548,753.5,101.9,9.1,175.2,161.3,176.5,6199,114,0.08,-1.9,-1.9,8.63,-190.8,0.43,0.42,0.44,1.55,-0.008,-0.025
8/11/2022,10:10:10 AM,Tank 05,Strauss lab 1,,69.509,753.5,102.2,9.14,174.9,161,176.2,6212,114,0.08,-1.9,-1.9,8.63,-191.1,0.46,0.44,0.42,1.49,-0.008,-0.013
8/11/2022,10:10:13 AM,Tank 05,Strauss lab 1,,69.47,753.5,102.8,9.19,174.9,161,176.3,6213,114,0.08,-1.9,-1.9,8.64,-191.4,0.46,0.44,0.45,1.59,-0.011,-0.009
8/11/2022,10:10:16 AM,Tank 05,Strauss lab 1,,69.463,753.5,103.4,9.25,174.9,160.9,176.3,6213,114,0.08,-1.9,-1.9,8.64,-191.6,0.42,0.4,0.39,1.35,-0.014,-0.015
8/11/2022,10:11:45 AM,Tank 08,Strauss lab 1,,69.511,753.5,99.8,8.92,171.2,157.6,172.5,6345,111,0.08,-1.9,-1.9,8.56,-187.2,0.16,0.14,0.19,0.52,-0.012,-0.018
8/11/2022,10:11:48 AM,Tank 08,Strauss lab 1,,69.474,753.5,100,8.94,171.2,157.6,172.5,6347,111,0.08,-1.9,-1.9,8.56,-187.3,0.15,0.13,0.26,0.82,-0.012,-0.004
8/11/2022,10:11:51 AM,Tank 08,Strauss lab 1,,69.387,753.5,100.3,8.98,88.2,81.1,88.8,12338,57,0.04,-1.9,-1.9,8.57,-187.4,0.13,0.1,0.39,1.35,-0.013,-0.004
8/11/2022,10:11:54 AM,Tank 08,Strauss lab 1,,69.3,753.5,100.8,9.03,85.3,78.4,86,12759,55,0.04,-1.9,-1.9,8.57,-187.7,0.12,0.09,0.42,1.48,-0.013,-0.017
8/11/2022,10:11:57 AM,Tank 08,Strauss lab 1,,69.238,753.5,101.5,9.1,86.7,79.6,87.4,12562,56,0.04,-1.9,-1.9,8.58,-187.9,0.13,0.11,0.41,1.45,-0.011,-0.019
8/11/2022,10:12:00 AM,Tank 08,Strauss lab 1,,69.227,753.5,102.1,9.15,90.8,83.3,91.5,12002,59,0.04,-1.9,-1.9,8.58,-188,0.17,0.15,0.37,1.27,-0.01,-0.006
8/11/2022,10:13:25 AM,Tank 10,Strauss lab 1,,75.255,753.4,100.7,8.47,191.8,188.3,192.2,5311,125,0.09,-2.6,-2.6,8.21,-167.6,1.68,1.67,9.38,38.77,-0.009,0
8/11/2022,10:13:28 AM,Tank 10,Strauss lab 1,,75.297,753.5,101.1,8.5,191.9,188.5,192.3,5306,125,0.09,-2.6,-2.6,8.21,-167.7,1.98,1.97,7.87,32.49,-0.011,-0.009
8/11/2022,10:13:31 AM,Tank 10,Strauss lab 1,,75.377,753.5,101.7,8.55,192.4,189,192.7,5290,125,0.09,-2.7,-2.7,8.21,-167.6,2.12,2.12,10.37,42.86,-0.014,-0.019
8/11/2022,10:13:34 AM,Tank 10,Strauss lab 1,,75.445,753.5,102.6,8.61,192.5,189.3,192.8,5283,125,0.09,-2.7,-2.7,8.21,-167.7,2.05,2.04,13.97,57.85,-0.01,-0.001
8/11/2022,10:13:37 AM,Tank 10,Strauss lab 1,,75.471,753.5,103.2,8.66,192.7,189.6,193,5275,125,0.09,-2.7,-2.7,8.21,-168,2.04,2.03,4.45,18.25,-0.01,-0.004
8/11/2022,10:13:40 AM,Tank 10,Strauss lab 1,,75.452,753.5,103.8,8.71,192.8,189.6,193.1,5275,125,0.09,-2.7,-2.7,8.23,-168.8,1.84,1.84,46.53,193.34,-0.011,-0.018
8/11/2022,10:15:38 AM,Tank 22,Strauss lab 1,,69.765,753.4,115,10.25,168.4,155.5,169.7,6430,109,0.08,-1.9,-1.9,8.84,-203.3,0.86,0.85,0.64,2.39,-0.012,-0.018
8/11/2022,10:15:41 AM,Tank 22,Strauss lab 1,,69.744,753.5,115.2,10.28,168.5,155.5,169.7,6431,110,0.08,-1.9,-1.9,8.85,-203.6,0.84,0.83,0.73,2.78,-0.01,0.006
8/11/2022,10:15:44 AM,Tank 22,Strauss lab 1,,69.664,753.4,115.5,10.31,168.7,155.5,169.9,6429,110,0.08,-1.9,-1.9,8.86,-204,0.69,0.68,0.87,3.35,-0.012,-0.009
8/11/2022,10:15:47 AM,Tank 22,Strauss lab 1,,69.566,753.5,116,10.37,168.9,155.6,170.1,6428,110,0.08,-1.9,-1.9,8.87,-204.7,0.69,0.67,0.89,3.41,-0.012,-0.014
8/11/2022,10:15:50 AM,Tank 22,Strauss lab 1,,69.5,753.5,116.8,10.44,169,155.6,170.3,6428,110,0.08,-1.9,-1.9,8.88,-205.6,0.81,0.8,0.79,3.01,-0.01,-0.004
8/11/2022,10:15:53 AM,Tank 22,Strauss lab 1,,69.497,753.5,117.6,10.52,169,155.5,170.3,6429,110,0.08,-1.9,-1.9,8.9,-206.4,0.84,0.82,0.77,2.92,-0.01,-0.002
8/11/2022,10:17:35 AM,Tank 37,Strauss lab 1,,69.54,753.5,99.2,8.86,171.7,158.1,173,6323,112,0.08,-1.9,-1.9,8.76,-198.7,0.37,0.35,0.69,2.6,-0.01,0.004
8/11/2022,10:17:38 AM,Tank 37,Strauss lab 1,,69.539,753.5,99.4,8.88,171.8,158.2,173.1,6322,112,0.08,-1.9,-1.9,8.76,-198.6,0.41,0.39,0.75,2.84,-0.013,-0.017
8/11/2022,10:17:41 AM,Tank 37,Strauss lab 1,,69.516,753.5,99.5,8.9,172,158.3,173.2,6317,112,0.08,-1.9,-1.9,8.76,-198.6,0.3,0.28,0.72,2.72,-0.013,-0.027
8/11/2022,10:17:44 AM,Tank 37,Strauss lab 1,,69.491,753.5,99.8,8.93,172.1,158.4,173.4,6312,112,0.08,-1.9,-1.9,8.76,-198.5,0.3,0.28,0.64,2.4,-0.009,-0.012
8/11/2022,10:17:47 AM,Tank 37,Strauss lab 1,,69.464,753.5,100.2,8.96,172.2,158.4,173.5,6313,112,0.08,-1.9,-1.9,8.76,-198.5,0.38,0.36,0.58,2.13,-0.01,-0.013
8/11/2022,10:17:50 AM,Tank 37,Strauss lab 1,,69.458,753.5,100.7,9.01,172,158.2,173.3,6319,112,0.08,-1.9,-1.9,8.76,-198.3,0.28,0.26,0.65,2.44,-0.012,-0.008
8/11/2022,10:24:41 AM,Tank 64,Strauss lab 1,,68.104,753.5,100.4,9.12,162.9,147.5,164.3,6780,106,0.08,-1.7,-1.7,8.77,-198.5,0.3,0.28,1.01,3.92,-0.01,-0.011
8/11/2022,10:24:44 AM,Tank 64,Strauss lab 1,,68.103,753.5,100.7,9.15,162.9,147.5,164.3,6781,106,0.08,-1.7,-1.7,8.77,-198.5,0.35,0.33,1,3.91,-0.01,-0.002
8/11/2022,10:24:47 AM,Tank 64,Strauss lab 1,,68.1,753.5,101,9.17,162.9,147.5,164.3,6781,106,0.08,-1.7,-1.7,8.76,-198.5,0.45,0.43,1.06,4.14,-0.01,0.001
8/11/2022,10:24:50 AM,Tank 64,Strauss lab 1,,68.099,753.5,101.3,9.2,162.8,147.4,164.3,6782,106,0.08,-1.7,-1.7,8.76,-198.4,0.35,0.33,1.08,4.2,-0.009,-0.003
8/11/2022,10:24:53 AM,Tank 64,Strauss lab 1,,68.099,753.5,101.6,9.22,162.8,147.4,164.2,6782,106,0.08,-1.7,-1.7,8.76,-198.4,0.28,0.26,1.09,4.27,-0.01,-0.018
8/11/2022,10:24:56 AM,Tank 64,Strauss lab 1,,68.1,753.5,101.8,9.24,162.8,147.4,164.2,6783,106,0.08,-1.7,-1.7,8.76,-198.3,0.08,0.05,1.12,4.4,-0.01,-0.019
8/11/2022,10:24:59 AM,Tank 64,Strauss lab 1,,68.099,753.5,102.1,9.27,162.8,147.4,164.2,6783,106,0.08,-1.7,-1.7,8.76,-198.2,0.09,0.07,1.1,4.31,-0.011,-0.019
8/11/2022,10:27:33 AM,Tank 46,Strauss lab 1,,68.301,753.5,100.5,9.11,161.6,146.7,163,6818,105,0.08,-1.8,-1.8,8.64,-191.2,0.25,0.23,1.38,5.46,-0.012,-0.024
8/11/2022,10:27:36 AM,Tank 46,Strauss lab 1,,68.292,753.5,100.8,9.14,161.6,146.7,163,6819,105,0.08,-1.8,-1.8,8.64,-191.2,0.22,0.2,1.25,4.94,-0.012,-0.006
8/11/2022,10:27:39 AM,Tank 46,Strauss lab 1,,68.283,753.5,101.1,9.16,161.6,146.6,163,6820,105,0.08,-1.8,-1.8,8.64,-191.3,0.21,0.18,1.1,4.29,-0.012,-0.019
8/11/2022,10:27:42 AM,Tank 46,Strauss lab 1,,68.278,753.5,101.4,9.19,161.6,146.6,163,6821,105,0.08,-1.8,-1.8,8.64,-191.3,0.21,0.19,1.19,4.69,-0.011,-0.014
8/11/2022,10:27:45 AM,Tank 46,Strauss lab 1,,68.284,753.5,101.7,9.21,161.5,146.6,162.9,6821,105,0.08,-1.8,-1.8,8.64,-191.2,0.29,0.27,1.47,5.83,-0.009,-0.018
8/11/2022,10:27:48 AM,Tank 46,Strauss lab 1,,68.293,753.5,101.9,9.23,161.5,146.6,162.9,6821,105,0.08,-1.8,-1.8,8.64,-191.2,0.41,0.39,1.01,3.95,-0.006,0.008
8/11/2022,10:27:51 AM,Tank 46,Strauss lab 1,,68.303,753.5,102.2,9.26,161.5,146.6,162.9,6822,105,0.08,-1.8,-1.8,8.64,-191.1,0.37,0.35,0.96,3.74,-0.006,0.006
8/11/2022,10:30:03 AM,Tank 16,Strauss lab 1,,68.19,753.5,81.7,7.41,164.1,148.8,165.5,6722,107,0.08,-1.8,-1.8,8.49,-183,0.18,0.15,0.24,0.74,-0.01,-0.018
8/11/2022,10:30:06 AM,Tank 16,Strauss lab 1,,68.206,753.5,81.8,7.42,164.1,148.8,165.5,6721,107,0.08,-1.8,-1.8,8.49,-183,0.14,0.12,0.23,0.69,-0.01,-0.025
8/11/2022,10:30:09 AM,Tank 16,Strauss lab 1,,68.213,753.5,81.9,7.43,164.1,148.8,165.5,6721,107,0.08,-1.8,-1.8,8.49,-182.9,0.14,0.12,0.21,0.61,-0.009,-0.016
8/11/2022,10:30:12 AM,Tank 16,Strauss lab 1,,68.213,753.5,82,7.43,164.1,148.8,165.5,6720,107,0.08,-1.8,-1.8,8.49,-182.9,0.19,0.17,0.21,0.59,-0.011,0
8/11/2022,10:30:15 AM,Tank 16,Strauss lab 1,,68.21,753.6,82,7.44,164.1,148.8,165.5,6720,107,0.08,-1.8,-1.8,8.49,-182.8,0.15,0.12,0.23,0.7,-0.013,-0.001
8/11/2022,10:30:18 AM,Tank 16,Strauss lab 1,,68.201,753.5,82.1,7.45,164.2,148.8,165.6,6719,107,0.08,-1.8,-1.8,8.49,-182.8,0.24,0.22,0.23,0.69,-0.013,-0.005
8/11/2022,10:30:21 AM,Tank 16,Strauss lab 1,,68.19,753.5,82.2,7.46,164.2,148.8,165.6,6719,107,0.08,-1.8,-1.8,8.49,-182.6,0.1,0.08,0.28,0.88,-0.009,-0.011
8/11/2022,10:32:02 AM,Tank 13,Strauss lab 1,,68.663,753.5,100.5,9.07,161.3,147.1,162.7,6800,105,0.08,-1.8,-1.8,8.45,-180.6,0.15,0.12,0.13,0.25,-0.01,-0.005
8/11/2022,10:32:05 AM,Tank 13,Strauss lab 1,,68.677,753.6,101.6,9.16,161.3,147,162.6,6801,105,0.08,-1.8,-1.8,8.46,-181.1,0.22,0.19,0.11,0.2,-0.009,0.001
8/11/2022,10:32:08 AM,Tank 13,Strauss lab 1,,68.683,753.5,102.4,9.24,161.2,147,162.6,6802,105,0.08,-1.8,-1.8,8.47,-181.5,0.35,0.33,0.3,0.96,-0.009,-0.017
8/11/2022,10:32:11 AM,Tank 13,Strauss lab 1,,68.681,753.5,103.2,9.31,161.2,147,162.5,6804,105,0.08,-1.8,-1.8,8.47,-182,0.37,0.35,0.35,1.2,-0.009,-0.016
8/11/2022,10:32:14 AM,Tank 13,Strauss lab 1,,68.673,753.5,103.8,9.36,161.2,146.9,162.5,6806,105,0.08,-1.8,-1.8,8.48,-182.3,0.33,0.31,0.37,1.27,-0.008,0.002
8/11/2022,10:32:17 AM,Tank 13,Strauss lab 1,,68.66,753.5,104.3,9.41,161.1,146.9,162.5,6808,105,0.08,-1.8,-1.8,8.49,-182.7,0.31,0.29,0.22,0.66,-0.01,-0.003
8/11/2022,10:32:20 AM,Tank 13,Strauss lab 1,,68.647,753.5,104.8,9.46,161.1,146.8,162.5,6810,105,0.08,-1.8,-1.8,8.49,-182.9,0.25,0.23,0.1,0.12,-0.011,-0.007
8/11/2022,10:34:44 AM,Tank 17,Strauss lab 1,,62.999,753.5,113.4,10.91,151.4,128.9,153.3,7757,98,0.07,-1.2,-1.2,8.95,-207.7,0.25,0.23,0.99,3.86,-0.01,-0.018
8/11/2022,10:34:47 AM,Tank 17,Strauss lab 1,,62.988,753.5,113.6,10.92,151.4,128.9,153.3,7759,98,0.07,-1.2,-1.2,8.94,-207.5,0.3,0.27,0.95,3.66,-0.008,-0.012
8/11/2022,10:34:50 AM,Tank 17,Strauss lab 1,,62.975,753.5,113.7,10.94,151.4,128.9,153.4,7759,98,0.07,-1.2,-1.2,8.94,-207.4,0.33,0.31,0.94,3.65,-0.008,-0.002
8/11/2022,10:34:53 AM,Tank 17,Strauss lab 1,,62.965,753.5,113.9,10.95,151.4,128.9,153.4,7760,98,0.07,-1.2,-1.2,8.94,-207.3,0.35,0.33,0.9,3.49,-0.01,-0.002
8/11/2022,10:34:56 AM,Tank 17,Strauss lab 1,,62.954,753.5,114,10.97,151.4,128.9,153.4,7760,98,0.07,-1.2,-1.2,8.94,-207.1,0.36,0.34,0.83,3.18,-0.012,0.001
8/11/2022,10:34:59 AM,Tank 17,Strauss lab 1,,62.944,753.5,114.1,10.98,151.4,128.8,153.4,7762,98,0.07,-1.2,-1.2,8.93,-207,0.2,0.18,0.78,2.97,-0.01,-0.002
8/11/2022,10:35:02 AM,Tank 17,Strauss lab 1,,62.936,753.5,114.2,10.99,151.4,128.8,153.4,7763,98,0.07,-1.2,-1.2,8.93,-206.8,0.16,0.13,0.63,2.37,-0.009,-0.018
8/11/2022,10:37:10 AM,Tank 18,Strauss lab 1,,63.519,753.5,110.2,10.54,152.6,130.8,154.5,7646,99,0.07,-1.3,-1.3,9.2,-222.1,0.1,0.08,0.39,1.33,-0.015,-0.025
8/11/2022,10:37:13 AM,Tank 18,Strauss lab 1,,63.493,753.5,110.9,10.61,152.6,130.7,154.4,7652,99,0.07,-1.3,-1.3,9.21,-222.9,0.16,0.13,0.37,1.28,-0.012,0.002
8/11/2022,10:37:16 AM,Tank 18,Strauss lab 1,,63.496,753.5,111.5,10.67,152.4,130.6,154.3,7658,99,0.07,-1.3,-1.3,9.23,-223.7,0.13,0.1,0.32,1.04,-0.011,0
8/11/2022,10:37:19 AM,Tank 18,Strauss lab 1,,63.519,753.5,112.1,10.72,152.3,130.5,154.2,7662,99,0.07,-1.3,-1.3,9.24,-224.5,0.29,0.26,0.4,1.41,-0.012,-0.019
8/11/2022,10:37:22 AM,Tank 18,Strauss lab 1,,63.533,753.5,112.5,10.75,152.2,130.5,154.1,7664,99,0.07,-1.3,-1.3,9.25,-225.2,0.25,0.22,0.36,1.21,-0.012,-0.025
8/11/2022,10:37:25 AM,Tank 18,Strauss lab 1,,63.518,753.5,112.8,10.78,152.3,130.5,154.1,7664,99,0.07,-1.3,-1.3,9.26,-225.8,0.26,0.24,0.37,1.25,-0.009,0.005
8/11/2022,10:37:28 AM,Tank 18,Strauss lab 1,,63.479,753.5,113.2,10.83,152.3,130.5,154.2,7665,99,0.07,-1.3,-1.3,9.27,-226.2,0.15,0.12,0.45,1.61,-0.009,0.006
8/11/2022,10:38:59 AM,Tank 34,Strauss lab 1,,63.535,753.5,86.7,8.29,160.3,137.4,162.3,7280,104,0.08,-1.3,-1.3,9.1,-216.8,0.39,0.37,1.99,7.99,-0.01,0.007
8/11/2022,10:39:02 AM,Tank 34,Strauss lab 1,,63.645,753.5,90.3,8.62,160.2,137.5,162.2,7272,104,0.08,-1.3,-1.3,9.16,-220.1,0.44,0.42,2.05,8.25,-0.009,0
8/11/2022,10:39:05 AM,Tank 34,Strauss lab 1,,63.817,753.5,96,9.15,160.1,137.7,162,7263,104,0.08,-1.3,-1.3,9.23,-224.2,0.36,0.34,2.02,8.15,-0.01,-0.021
8/11/2022,10:39:08 AM,Tank 34,Strauss lab 1,,64.01,753.5,98.9,9.4,160,137.9,161.9,7251,104,0.08,-1.3,-1.3,9.3,-228.2,0.35,0.33,2.07,8.35,-0.009,-0.017
8/11/2022,10:39:11 AM,Tank 34,Strauss lab 1,,64.072,753.5,100.5,9.55,160,138,161.9,7244,104,0.08,-1.3,-1.3,9.36,-231.6,0.33,0.31,2.09,8.43,-0.011,-0.002
8/11/2022,10:39:14 AM,Tank 34,Strauss lab 1,,64.04,753.5,101.8,9.67,160.1,138.1,162,7243,104,0.08,-1.3,-1.3,9.41,-234.1,0.22,0.2,1.96,7.89,-0.013,-0.02
8/11/2022,10:39:17 AM,Tank 34,Strauss lab 1,,63.936,753.5,106.7,10.15,160.2,138,162.2,7244,104,0.08,-1.3,-1.3,9.45,-236.3,0.29,0.27,1.94,7.79,-0.014,-0.017
8/11/2022,10:39:20 AM,Tank 34,Strauss lab 1,,63.884,753.5,107.6,10.24,160.3,138,162.3,7246,104,0.08,-1.3,-1.3,9.48,-237.9,0.28,0.25,1.78,7.14,-0.013,-0.009
8/11/2022,10:39:23 AM,Tank 34,Strauss lab 1,,63.843,753.5,108.3,10.31,160.4,138,162.3,7248,104,0.08,-1.3,-1.3,9.5,-239.5,0.24,0.22,1.8,7.2,-0.013,-0.001
8/11/2022,10:39:26 AM,Tank 34,Strauss lab 1,,63.837,753.5,108.7,10.36,160.3,138,162.3,7249,104,0.08,-1.3,-1.3,9.53,-241.1,0.22,0.2,1.84,7.37,-0.012,0.005
8/11/2022,10:39:29 AM,Tank 34,Strauss lab 1,,63.801,753.5,109.4,10.42,160.4,137.9,162.3,7251,104,0.08,-1.3,-1.3,9.55,-242.2,0.17,0.15,1.88,7.54,-0.012,-0.002
8/11/2022,10:39:32 AM,Tank 34,Strauss lab 1,,63.769,753.5,110.4,10.52,160.4,137.9,162.3,7253,104,0.08,-1.3,-1.3,9.57,-243.2,0.15,0.13,1.8,7.22,-0.011,0
8/11/2022,10:39:35 AM,Tank 34,Strauss lab 1,,63.737,753.5,111.5,10.63,160.4,137.8,162.4,7256,104,0.08,-1.3,-1.3,9.58,-244,0.21,0.19,1.82,7.31,-0.009,-0.014
8/11/2022,10:41:37 AM,Tank 50,Strauss lab 1,,64.098,753.5,106.4,10.1,151.8,131,153.6,7631,99,0.07,-1.3,-1.3,9.78,-255.4,0.04,0.02,0.79,3.01,-0.012,-0.026
8/11/2022,10:41:40 AM,Tank 50,Strauss lab 1,,64.044,753.5,107.4,10.21,151.9,131,153.7,7634,99,0.07,-1.3,-1.3,9.79,-255.7,0.12,0.1,0.73,2.76,-0.009,-0.008
8/11/2022,10:41:43 AM,Tank 50,Strauss lab 1,,64.005,753.5,108.2,10.28,151.9,131,153.7,7636,99,0.07,-1.3,-1.3,9.79,-255.8,0.11,0.09,0.67,2.52,-0.01,0.002
8/11/2022,10:41:46 AM,Tank 50,Strauss lab 1,,63.991,753.5,108.7,10.34,151.9,130.9,153.7,7638,99,0.07,-1.3,-1.3,9.79,-255.7,0.15,0.13,0.62,2.32,-0.012,-0.003
8/11/2022,10:41:49 AM,Tank 50,Strauss lab 1,,63.989,753.5,109.4,10.4,151.9,130.9,153.7,7639,99,0.07,-1.3,-1.3,9.79,-255.5,0.15,0.13,0.62,2.3,-0.011,-0.005
8/11/2022,10:41:52 AM,Tank 50,Strauss lab 1,,63.977,753.5,110.1,10.47,151.9,130.9,153.7,7641,99,0.07,-1.3,-1.3,9.79,-255.4,0.25,0.22,0.72,2.7,-0.008,-0.004
8/11/2022,10:41:55 AM,Tank 50,Strauss lab 1,,63.945,753.5,110.7,10.53,151.9,130.8,153.7,7642,99,0.07,-1.3,-1.3,9.78,-255.4,0.24,0.22,0.81,3.09,-0.009,-0.018
8/11/2022,10:44:24 AM,Tank 51,Strauss lab 1,,63.063,753.5,108.7,10.44,158.5,135,160.5,7405,103,0.07,-1.2,-1.2,9.87,-260,0.1,0.07,0.39,1.37,-0.013,-0.028
8/11/2022,10:44:27 AM,Tank 51,Strauss lab 1,,63.067,753.5,109.8,10.55,158.5,135,160.5,7406,103,0.07,-1.2,-1.2,9.88,-260.6,0.05,0.03,0.37,1.25,-0.011,-0.015
8/11/2022,10:44:30 AM,Tank 51,Strauss lab 1,,63.054,753.5,111.3,10.7,158.4,135,160.4,7410,103,0.07,-1.2,-1.2,9.89,-261.1,0.05,0.02,0.35,1.16,-0.011,-0.013
8/11/2022,10:44:33 AM,Tank 51,Strauss lab 1,,63.065,753.5,112.6,10.82,158.2,134.8,160.2,7417,103,0.07,-1.2,-1.2,9.9,-261.4,0.14,0.12,0.4,1.4,-0.009,-0.006
8/11/2022,10:44:36 AM,Tank 51,Strauss lab 1,,63.076,753.5,113.6,10.92,158,134.7,160.1,7424,103,0.07,-1.2,-1.2,9.9,-261.5,0.21,0.19,0.53,1.95,-0.011,-0.014
8/11/2022,10:44:39 AM,Tank 51,Strauss lab 1,,63.08,753.5,114.5,11,157.9,134.5,159.9,7432,103,0.07,-1.2,-1.2,9.9,-261.4,0.22,0.2,0.62,2.33,-0.011,-0.003
8/11/2022,10:44:42 AM,Tank 51,Strauss lab 1,,63.072,753.5,115.3,11.08,157.7,134.4,159.7,7440,103,0.07,-1.2,-1.2,9.89,-261.2,0.25,0.23,0.65,2.43,-0.011,-0.015
8/11/2022,10:47:05 AM,Tank 61,Strauss lab 1,,68.936,753.5,97.8,8.8,173.3,158.4,174.7,6312,113,0.08,-1.8,-1.8,9.17,-221.5,0.61,0.59,0.24,0.74,-0.009,-0.018
8/11/2022,10:47:08 AM,Tank 61,Strauss lab 1,,68.928,753.5,98.2,8.84,173.2,158.4,174.6,6313,113,0.08,-1.8,-1.8,9.17,-221.7,0.83,0.82,0.15,0.37,-0.01,-0.015
8/11/2022,10:47:11 AM,Tank 61,Strauss lab 1,,68.925,753.5,98.5,8.86,173.2,158.4,174.6,6313,113,0.08,-1.8,-1.8,9.17,-221.8,0.73,0.71,0.13,0.26,-0.01,0.005
8/11/2022,10:47:14 AM,Tank 61,Strauss lab 1,,68.924,753.5,98.8,8.89,173.2,158.4,174.6,6314,113,0.08,-1.8,-1.8,9.17,-221.9,0.71,0.69,0.13,0.27,-0.011,-0.008
8/11/2022,10:47:17 AM,Tank 61,Strauss lab 1,,68.925,753.5,99.1,8.92,173.2,158.4,174.6,6314,113,0.08,-1.8,-1.8,9.18,-222,0.63,0.61,0.17,0.46,-0.012,-0.027
8/11/2022,10:47:20 AM,Tank 61,Strauss lab 1,,68.926,753.5,99.3,8.94,173.2,158.4,174.6,6314,113,0.08,-1.8,-1.8,9.18,-222.1,0.6,0.58,0.2,0.57,-0.009,-0.012
8/11/2022,10:47:23 AM,Tank 61,Strauss lab 1,,68.927,753.5,99.5,8.96,173.2,158.4,174.6,6314,113,0.08,-1.8,-1.8,9.18,-222.1,0.59,0.57,0.27,0.86,-0.008,0.007
8/11/2022,10:49:39 AM,Tank 02,Strauss lab 1,,62.92,753.5,107.9,10.38,159.3,135.5,161.4,7378,104,0.08,-1.2,-1.2,9.78,-254.7,0.25,0.23,0.15,0.35,-0.011,-0.014
8/11/2022,10:49:42 AM,Tank 02,Strauss lab 1,,62.9,753.5,108.4,10.44,159.4,135.6,161.5,7376,104,0.08,-1.2,-1.2,9.78,-254.5,0.26,0.24,0.16,0.4,-0.011,-0.018
8/11/2022,10:49:45 AM,Tank 02,Strauss lab 1,,62.887,753.5,109,10.49,159.5,135.6,161.5,7375,104,0.08,-1.2,-1.2,9.77,-254.3,0.06,0.04,0.14,0.3,-0.01,-0.022
8/11/2022,10:49:48 AM,Tank 02,Strauss lab 1,,62.879,753.5,109.4,10.53,159.5,135.6,161.6,7374,104,0.08,-1.2,-1.2,9.77,-254.1,0.05,0.02,0.07,0.03,-0.009,0.001
8/11/2022,10:49:51 AM,Tank 02,Strauss lab 1,,62.868,753.5,109.8,10.57,159.6,135.6,161.6,7373,104,0.08,-1.2,-1.2,9.76,-253.7,0.06,0.03,0.07,0.01,-0.01,-0.001
8/11/2022,10:49:54 AM,Tank 02,Strauss lab 1,,62.862,753.5,110.1,10.61,159.6,135.6,161.6,7372,104,0.08,-1.2,-1.2,9.75,-253.3,0.17,0.14,0.06,-0.01,-0.013,-0.016
8/11/2022,10:52:13 AM,Tank 15,Strauss lab 1,,68.725,753.5,103,9.29,163.2,148.9,164.6,6716,106,0.08,-1.8,-1.8,9.09,-217.2,0.23,0.21,1.05,4.09,-0.011,-0.014
8/11/2022,10:52:16 AM,Tank 15,Strauss lab 1,,68.714,753.5,103.3,9.32,163.2,148.9,164.6,6716,106,0.08,-1.8,-1.8,9.09,-217.1,0.22,0.2,0.99,3.86,-0.011,-0.008
8/11/2022,10:52:19 AM,Tank 15,Strauss lab 1,,68.703,753.5,103.6,9.34,163.2,148.9,164.6,6717,106,0.08,-1.8,-1.8,9.09,-217.1,0.21,0.19,0.97,3.78,-0.012,-0.013
8/11/2022,10:52:22 AM,Tank 15,Strauss lab 1,,68.693,753.5,103.8,9.36,163.3,148.9,164.6,6717,106,0.08,-1.8,-1.8,9.09,-217,0.17,0.15,0.98,3.79,-0.012,0.001
8/11/2022,10:52:25 AM,Tank 15,Strauss lab 1,,68.682,753.5,104,9.38,163.2,148.8,164.6,6719,106,0.08,-1.8,-1.8,9.09,-216.9,0.22,0.2,1.02,3.99,-0.01,-0.002
8/11/2022,10:52:28 AM,Tank 15,Strauss lab 1,,68.674,753.5,104.2,9.4,163.2,148.8,164.6,6720,106,0.08,-1.8,-1.8,9.08,-216.8,0.23,0.21,1.07,4.16,-0.01,-0.014
8/11/2022,10:52:31 AM,Tank 15,Strauss lab 1,,68.669,753.5,104.3,9.41,163.2,148.8,164.6,6720,106,0.08,-1.8,-1.8,9.08,-216.7,0.21,0.19,1.09,4.25,-0.009,-0.015
8/11/2022,10:54:27 AM,Tank 19,Strauss lab 1,,63.526,753.5,113.8,10.88,156.2,133.9,158.1,7470,102,0.07,-1.3,-1.3,9.57,-243.3,-0.03,-0.05,0.13,0.25,-0.013,-0.018
8/11/2022,10:54:30 AM,Tank 19,Strauss lab 1,,63.542,753.5,114.6,10.95,156,133.8,158,7476,101,0.07,-1.3,-1.3,9.59,-244.4,-0.03,-0.05,0.15,0.35,-0.011,-0.002
8/11/2022,10:54:33 AM,Tank 19,Strauss lab 1,,63.505,753.5,115.4,11.03,156,133.7,157.9,7481,101,0.07,-1.3,-1.3,9.61,-245.3,0,-0.02,0.14,0.33,-0.01,-0.017
8/11/2022,10:54:36 AM,Tank 19,Strauss lab 1,,63.427,753.5,116.8,11.18,156,133.6,158,7487,101,0.07,-1.2,-1.2,9.63,-246.3,0.07,0.05,0.2,0.57,-0.011,-0.019
8/11/2022,10:54:39 AM,Tank 19,Strauss lab 1,,63.343,753.5,118.1,11.31,156.1,133.5,158,7493,101,0.07,-1.2,-1.2,9.64,-246.9,0.08,0.05,0.23,0.68,-0.009,0.006
8/11/2022,10:54:42 AM,Tank 19,Strauss lab 1,,63.252,753.5,119.5,11.46,156.1,133.3,158.1,7500,101,0.07,-1.2,-1.2,9.65,-247.5,0.12,0.1,0.25,0.78,-0.009,0.006
8/11/2022,10:54:45 AM,Tank 19,Strauss lab 1,,63.189,753.5,120.9,11.6,156.1,133.2,158.1,7507,101,0.07,-1.2,-1.2,9.66,-248.2,0.05,0.03,0.26,0.79,-0.01,-0.015
8/11/2022,10:54:48 AM,Tank 19,Strauss lab 1,,63.148,753.5,122,11.71,156.1,133.1,158,7511,101,0.07,-1.2,-1.2,9.67,-248.9,0.16,0.14,0.22,0.64,-0.008,-0.011
8/11/2022,10:54:51 AM,Tank 19,Strauss lab 1,,63.122,753.5,123,11.81,156,133.1,158,7515,101,0.07,-1.2,-1.2,9.68,-249.4,0.22,0.2,0.16,0.41,-0.007,-0.007
8/11/2022,10:54:54 AM,Tank 19,Strauss lab 1,,63.113,753.5,123.8,11.89,156,133,158,7519,101,0.07,-1.2,-1.2,9.69,-249.8,0.2,0.17,0.12,0.22,-0.011,-0.007
8/11/2022,10:54:57 AM,Tank 19,Strauss lab 1,,63.102,753.5,124.6,11.97,155.9,132.9,157.9,7522,101,0.07,-1.2,-1.2,9.7,-250.2,0.18,0.16,0.14,0.33,-0.013,-0.006
8/11/2022,10:55:00 AM,Tank 19,Strauss lab 1,,63.093,753.5,125.3,12.04,155.9,132.9,157.9,7525,101,0.07,-1.2,-1.2,9.7,-250.5,0.07,0.04,0.11,0.2,-0.01,0
8/11/2022,10:57:13 AM,Tank 29,Strauss lab 1,,68.572,753.5,104.7,9.46,164.5,149.8,165.9,6675,107,0.08,-1.8,-1.8,9.44,-237.3,0.32,0.3,3.1,12.64,-0.009,0.002
8/11/2022,10:57:16 AM,Tank 29,Strauss lab 1,,68.578,753.5,105.3,9.51,164.5,149.8,165.9,6675,107,0.08,-1.8,-1.8,9.46,-238.1,0.33,0.31,3.13,12.74,-0.011,-0.015
8/11/2022,10:57:19 AM,Tank 29,Strauss lab 1,,68.578,753.5,105.8,9.55,164.5,149.8,165.9,6677,107,0.08,-1.8,-1.8,9.47,-238.8,0.31,0.28,3.19,13.02,-0.011,-0.02
8/11/2022,10:57:22 AM,Tank 29,Strauss lab 1,,68.558,753.5,106.2,9.59,164.5,149.7,165.8,6678,107,0.08,-1.8,-1.8,9.48,-239.5,0.22,0.2,3.31,13.52,-0.011,-0.014
8/11/2022,10:57:25 AM,Tank 29,Strauss lab 1,,68.527,753.5,106.5,9.62,164.5,149.7,165.9,6681,107,0.08,-1.8,-1.8,9.49,-240,0.34,0.32,4.21,17.24,-0.01,-0.016
8/11/2022,10:57:28 AM,Tank 29,Strauss lab 1,,68.498,753.5,106.8,9.65,164.5,149.6,165.9,6683,107,0.08,-1.8,-1.8,9.5,-240.5,0.35,0.33,3.52,14.37,-0.011,-0.002
8/11/2022,10:57:31 AM,Tank 29,Strauss lab 1,,68.47,753.5,107.1,9.68,164.5,149.6,165.9,6684,107,0.08,-1.8,-1.8,9.51,-240.9,0.36,0.33,3.33,13.57,-0.011,-0.01
8/11/2022,10:59:31 AM,Tank 30,Strauss lab 1,,69.64,753.5,107,9.55,164.6,151.7,165.8,6590,107,0.08,-1.9,-1.9,9.7,-252.2,0.32,0.3,0.08,0.05,-0.008,0.008
8/11/2022,10:59:34 AM,Tank 30,Strauss lab 1,,69.613,753.5,107.7,9.62,164.5,151.6,165.8,6595,107,0.08,-1.9,-1.9,9.71,-252.6,0.34,0.32,0.1,0.14,-0.008,0.001
8/11/2022,10:59:37 AM,Tank 30,Strauss lab 1,,69.597,753.5,108.3,9.67,164.5,151.6,165.7,6598,107,0.08,-1.9,-1.9,9.71,-253,0.34,0.32,0.13,0.25,-0.01,-0.002
8/11/2022,10:59:40 AM,Tank 30,Strauss lab 1,,69.59,753.5,108.8,9.72,164.4,151.5,165.6,6601,107,0.08,-1.9,-1.9,9.72,-253.6,0.3,0.28,0.1,0.15,-0.007,-0.012
8/11/2022,10:59:43 AM,Tank 30,Strauss lab 1,,69.59,753.5,109.3,9.76,164.4,151.4,165.6,6603,107,0.08,-1.9,-1.9,9.73,-254.2,0.2,0.18,0.11,0.18,-0.007,-0.003
8/11/2022,10:59:46 AM,Tank 30,Strauss lab 1,,69.587,753.5,109.7,9.8,164.3,151.4,165.5,6605,107,0.08,-1.9,-1.9,9.74,-254.7,0.25,0.23,0.13,0.26,-0.009,-0.017
8/11/2022,10:59:49 AM,Tank 30,Strauss lab 1,,69.581,753.5,110,9.83,164.3,151.4,165.5,6607,107,0.08,-1.9,-1.9,9.75,-255.1,0.27,0.25,0.17,0.42,-0.011,-0.011
8/11/2022,11:01:50 AM,Tank 31,Strauss lab 1,,67.909,753.5,99.5,9.05,170.2,153.8,171.7,6503,111,0.08,-1.7,-1.7,9.81,-257.8,0.3,0.27,1.43,5.67,-0.009,-0.012
8/11/2022,11:01:53 AM,Tank 31,Strauss lab 1,,67.927,753.5,99.8,9.08,170.2,153.8,171.7,6503,111,0.08,-1.7,-1.7,9.8,-257.7,0.3,0.27,0.98,3.82,-0.008,-0.016
8/11/2022,11:01:56 AM,Tank 31,Strauss lab 1,,67.942,753.5,100,9.1,170.1,153.8,171.6,6504,111,0.08,-1.7,-1.7,9.8,-257.7,0.39,0.37,1.32,5.22,-0.005,-0.007
8/11/2022,11:01:59 AM,Tank 31,Strauss lab 1,,67.947,753.5,100.3,9.12,170.1,153.8,171.6,6503,111,0.08,-1.7,-1.7,9.8,-257.7,0.4,0.38,1.68,6.7,-0.006,-0.002
8/11/2022,11:02:02 AM,Tank 31,Strauss lab 1,,67.949,753.5,100.5,9.14,170.1,153.8,171.6,6503,111,0.08,-1.7,-1.7,9.81,-257.7,0.37,0.35,1.52,6.06,-0.01,-0.014
8/11/2022,11:02:05 AM,Tank 31,Strauss lab 1,,67.947,753.5,100.7,9.16,170.1,153.8,171.7,6502,111,0.08,-1.7,-1.7,9.81,-257.8,0.23,0.21,1.31,5.16,-0.011,-0.015
8/11/2022,11:02:08 AM,Tank 31,Strauss lab 1,,67.932,753.5,100.8,9.17,170.2,153.8,171.7,6502,111,0.08,-1.7,-1.7,9.81,-257.8,0.27,0.25,1.25,4.92,-0.012,-0.017
8/11/2022,11:04:22 AM,Tank 35,Strauss lab 1,,64.189,753.5,112.3,10.65,158.5,137,160.4,7302,103,0.07,-1.3,-1.3,10.16,-276.7,0.13,0.11,0.39,1.37,-0.008,0.006
8/11/2022,11:04:25 AM,Tank 35,Strauss lab 1,,64.198,753.5,112.7,10.69,158.4,136.9,160.3,7307,103,0.07,-1.3,-1.3,10.16,-276.5,0.12,0.09,0.35,1.19,-0.011,-0.014
8/11/2022,11:04:28 AM,Tank 35,Strauss lab 1,,64.263,753.5,113,10.71,158.1,136.7,160,7313,103,0.07,-1.3,-1.3,10.15,-276.3,0.13,0.11,0.41,1.44,-0.011,-0.021
8/11/2022,11:04:31 AM,Tank 35,Strauss lab 1,,64.351,753.5,113.3,10.73,157.8,136.7,159.7,7318,103,0.07,-1.3,-1.3,10.15,-276.1,0.11,0.08,0.39,1.33,-0.01,-0.013
8/11/2022,11:04:34 AM,Tank 35,Strauss lab 1,,64.401,753.6,113.5,10.74,157.7,136.6,159.5,7320,102,0.07,-1.3,-1.3,10.14,-275.8,0.13,0.1,0.42,1.48,-0.011,-0.012
8/11/2022,11:04:37 AM,Tank 35,Strauss lab 1,,64.396,753.5,113.7,10.76,157.7,136.6,159.5,7321,102,0.07,-1.3,-1.3,10.14,-275.6,0.13,0.11,0.41,1.45,-0.012,-0.005
8/11/2022,11:04:40 AM,Tank 35,Strauss lab 1,,64.364,753.5,114,10.79,157.7,136.6,159.6,7321,103,0.07,-1.3,-1.3,10.14,-275.3,0.21,0.18,0.41,1.42,-0.014,-0.027
8/11/2022,11:04:43 AM,Tank 35,Strauss lab 1,,64.334,753.5,114.3,10.83,157.8,136.6,159.6,7322,103,0.07,-1.3,-1.3,10.13,-275,0.17,0.14,0.38,1.32,-0.012,-0.016
8/11/2022,11:06:42 AM,Tank 36,Strauss lab 1,,63.181,753.5,107.9,10.35,157,134,159,7465,102,0.07,-1.2,-1.2,9.98,-266.2,-0.07,-0.1,0.26,0.81,-0.01,0.008
8/11/2022,11:06:45 AM,Tank 36,Strauss lab 1,,63.202,753.5,108.4,10.4,157,134,159,7461,102,0.07,-1.2,-1.2,9.97,-265.8,-0.01,-0.04,0.22,0.66,-0.009,0.001
8/11/2022,11:06:48 AM,Tank 36,Strauss lab 1,,63.229,753.5,108.8,10.43,157,134.1,159,7458,102,0.07,-1.2,-1.2,9.97,-265.5,0.03,0,0.21,0.58,-0.008,-0.003
8/11/2022,11:06:51 AM,Tank 36,Strauss lab 1,,63.24,753.5,109.3,10.48,157,134.1,159,7457,102,0.07,-1.2,-1.2,9.96,-265.1,0.04,0.02,0.15,0.35,-0.008,-0.001
8/11/2022,11:06:54 AM,Tank 36,Strauss lab 1,,63.224,753.5,109.7,10.53,157.1,134.1,159.1,7456,102,0.07,-1.2,-1.2,9.95,-264.8,0.01,-0.01,0.16,0.4,-0.007,0.002
8/11/2022,11:06:57 AM,Tank 36,Strauss lab 1,,63.197,753.5,110.3,10.58,157.1,134.1,159.1,7455,102,0.07,-1.2,-1.2,9.95,-264.4,0.06,0.04,0.2,0.58,-0.007,0.003
8/11/2022,11:07:00 AM,Tank 36,Strauss lab 1,,63.176,753.5,110.8,10.63,157.2,134.1,159.2,7455,102,0.07,-1.2,-1.2,9.94,-264.1,0.05,0.03,0.3,0.98,-0.008,-0.024
8/11/2022,11:09:10 AM,Tank 45,Strauss lab 1,,68.272,753.5,97.5,8.84,164.4,149.1,165.8,6706,107,0.08,-1.8,-1.8,9.35,-231.7,0.12,0.1,0.57,2.12,-0.012,-0.024
8/11/2022,11:09:13 AM,Tank 45,Strauss lab 1,,68.288,753.5,98.2,8.9,164.4,149.2,165.8,6704,107,0.08,-1.8,-1.8,9.35,-232,0.11,0.09,0.83,3.19,-0.011,-0.001
8/11/2022,11:09:16 AM,Tank 45,Strauss lab 1,,68.3,753.5,98.7,8.95,164.4,149.2,165.8,6702,107,0.08,-1.8,-1.8,9.36,-232.2,0.18,0.16,0.8,3.07,-0.011,-0.015
8/11/2022,11:09:19 AM,Tank 45,Strauss lab 1,,68.306,753.5,99.2,8.99,164.4,149.2,165.8,6701,107,0.08,-1.8,-1.8,9.36,-232.4,0.18,0.16,0.76,2.91,-0.011,-0.014
8/11/2022,11:09:22 AM,Tank 45,Strauss lab 1,,68.309,753.5,99.6,9.02,164.4,149.3,165.8,6699,107,0.08,-1.8,-1.8,9.36,-232.6,0.12,0.1,0.51,1.84,-0.01,-0.001
8/11/2022,11:09:25 AM,Tank 45,Strauss lab 1,,68.309,753.5,99.9,9.05,164.4,149.3,165.9,6699,107,0.08,-1.8,-1.8,9.36,-232.7,0.13,0.11,0.61,2.28,-0.01,0.002
8/11/2022,11:09:28 AM,Tank 45,Strauss lab 1,,68.31,753.5,100.3,9.08,164.5,149.3,165.9,6698,107,0.08,-1.8,-1.8,9.37,-232.8,0.12,0.1,0.68,2.57,-0.011,-0.011
8/11/2022,11:09:31 AM,Tank 45,Strauss lab 1,,68.31,753.5,100.6,9.11,164.5,149.3,165.9,6697,107,0.08,-1.8,-1.8,9.37,-232.8,0.18,0.16,0.66,2.49,-0.012,-0.015
8/11/2022,11:09:34 AM,Tank 45,Strauss lab 1,,68.305,753.5,100.9,9.14,164.5,149.3,165.9,6697,107,0.08,-1.8,-1.8,9.37,-232.9,0.22,0.19,0.56,2.05,-0.012,-0.013
8/11/2022,11:09:37 AM,Tank 45,Strauss lab 1,,68.295,753.5,101.2,9.17,164.5,149.3,165.9,6697,107,0.08,-1.8,-1.8,9.37,-232.8,0.21,0.18,0.42,1.49,-0.01,-0.007
8/11/2022,11:09:40 AM,Tank 45,Strauss lab 1,,68.281,753.5,101.6,9.2,164.5,149.3,166,6697,107,0.08,-1.8,-1.8,9.37,-232.8,0.15,0.13,0.46,1.66,-0.012,-0.017
8/11/2022,11:11:27 AM,Tank 36,Strauss lab 1,,64.547,753.5,106.6,10.07,156.5,135.8,158.3,7363,102,0.07,-1.4,-1.4,9.64,-247.2,0.12,0.1,0.27,0.83,-0.012,-0.027
8/11/2022,11:11:30 AM,Tank 36,Strauss lab 1,,64.528,753.5,107.1,10.12,156.5,135.8,158.3,7363,102,0.07,-1.4,-1.4,9.64,-247.2,0.04,0.02,0.23,0.68,-0.012,-0.015
8/11/2022,11:11:33 AM,Tank 36,Strauss lab 1,,64.513,753.5,107.4,10.15,156.5,135.8,158.4,7364,102,0.07,-1.4,-1.4,9.64,-247.1,0.13,0.1,0.27,0.83,-0.01,-0.004
8/11/2022,11:11:36 AM,Tank 36,Strauss lab 1,,64.493,753.6,107.8,10.19,156.6,135.8,158.4,7364,102,0.07,-1.4,-1.4,9.64,-247.1,0.06,0.03,0.29,0.93,-0.01,-0.012
8/11/2022,11:11:39 AM,Tank 36,Strauss lab 1,,64.473,753.6,108.1,10.22,156.6,135.8,158.4,7365,102,0.07,-1.4,-1.4,9.63,-247,0.06,0.04,0.31,1.02,-0.01,0.001
8/11/2022,11:11:42 AM,Tank 36,Strauss lab 1,,64.46,753.5,108.4,10.25,156.6,135.8,158.5,7365,102,0.07,-1.4,-1.4,9.63,-246.9,0.17,0.15,0.34,1.14,-0.011,-0.005
8/11/2022,11:11:45 AM,Tank 36,Strauss lab 1,,64.454,753.5,108.6,10.27,156.6,135.8,158.5,7365,102,0.07,-1.3,-1.3,9.63,-246.7,0.07,0.05,0.28,0.9,-0.011,-0.01
8/11/2022,11:13:33 AM,Tank 33,Strauss lab 1,,63.143,753.5,122.5,11.76,158,134.8,160,7418,103,0.07,-1.2,-1.2,9.78,-255,0.07,0.04,0.31,1.02,-0.009,0.001
8/11/2022,11:13:36 AM,Tank 33,Strauss lab 1,,63.118,753.5,123.8,11.89,158,134.8,160,7421,103,0.07,-1.2,-1.2,9.8,-255.8,0.07,0.04,0.34,1.16,-0.012,-0.018
8/11/2022,11:13:39 AM,Tank 33,Strauss lab 1,,63.098,753.5,125.1,12.02,158,134.7,160,7422,103,0.07,-1.2,-1.2,9.81,-256.8,0.07,0.05,0.28,0.9,-0.013,-0.027
8/11/2022,11:13:42 AM,Tank 33,Strauss lab 1,,63.086,753.6,126.2,12.12,158,134.7,160,7424,103,0.07,-1.2,-1.2,9.83,-257.5,0.1,0.08,0.26,0.82,-0.01,-0.012
8/11/2022,11:13:45 AM,Tank 33,Strauss lab 1,,63.074,753.5,127.2,12.22,158,134.7,160,7426,103,0.07,-1.2,-1.2,9.84,-258.1,0.13,0.1,0.26,0.83,-0.01,-0.015
8/11/2022,11:13:48 AM,Tank 33,Strauss lab 1,,63.058,753.5,128.1,12.31,158,134.6,160,7429,103,0.07,-1.2,-1.2,9.85,-258.7,0.11,0.09,0.32,1.07,-0.01,-0.005
8/11/2022,11:13:51 AM,Tank 33,Strauss lab 1,,63.043,753.5,128.8,12.38,157.9,134.6,160,7432,103,0.07,-1.2,-1.2,9.85,-259,0.17,0.14,0.34,1.16,-0.008,0.003
8/11/2022,11:16:36 AM,Tank 32,Strauss lab 1,,68.305,753.5,106.3,9.62,182.1,165.3,183.6,6051,118,0.09,-1.8,-1.8,9.32,-230.3,0.11,0.09,0.18,0.47,-0.008,0.008
8/11/2022,11:16:39 AM,Tank 32,Strauss lab 1,,68.293,753.5,106.6,9.66,182.1,165.2,183.6,6052,118,0.09,-1.8,-1.8,9.32,-230.4,0.12,0.1,0.18,0.48,-0.008,-0.007
8/11/2022,11:16:42 AM,Tank 32,Strauss lab 1,,68.283,753.6,106.9,9.69,182.1,165.2,183.7,6052,118,0.09,-1.8,-1.8,9.32,-230.4,0.18,0.16,0.18,0.48,-0.007,0.002
8/11/2022,11:16:45 AM,Tank 32,Strauss lab 1,,68.268,753.5,107.2,9.72,182.1,165.3,183.7,6051,118,0.09,-1.8,-1.8,9.32,-230.3,0.26,0.24,0.18,0.47,-0.006,-0.001
8/11/2022,11:16:48 AM,Tank 32,Strauss lab 1,,68.253,753.5,107.5,9.74,182.2,165.2,183.7,6052,118,0.09,-1.8,-1.8,9.32,-230.3,0.31,0.29,0.16,0.38,-0.008,-0.018
8/11/2022,11:16:51 AM,Tank 32,Strauss lab 1,,68.235,753.5,107.7,9.77,182.2,165.2,183.8,6052,118,0.09,-1.8,-1.8,9.32,-230.2,0.29,0.27,0.1,0.16,-0.007,-0.02
8/11/2022,11:16:54 AM,Tank 32,Strauss lab 1,,68.212,753.5,108,9.79,182.2,165.2,183.8,6052,118,0.09,-1.8,-1.8,9.32,-230.2,0.23,0.2,0.12,0.23,-0.007,-0.006
8/11/2022,11:16:57 AM,Tank 32,Strauss lab 1,,68.193,753.5,108.2,9.81,182.3,165.2,183.9,6052,118,0.09,-1.7,-1.7,9.32,-230.2,0.13,0.1,0.18,0.46,-0.007,0
8/11/2022,11:19:09 AM,Tank 47,Strauss lab 1,,68.634,753.5,98.6,8.9,168.5,153.5,169.9,6513,110,0.08,-1.8,-1.8,9.57,-244.5,0.32,0.3,8.02,33.11,-0.01,-0.005
8/11/2022,11:19:12 AM,Tank 47,Strauss lab 1,,68.661,753.5,99.1,8.94,168.5,153.6,169.9,6510,110,0.08,-1.8,-1.8,9.57,-244.6,0.27,0.24,1.1,4.31,-0.012,-0.01
8/11/2022,11:19:15 AM,Tank 47,Strauss lab 1,,68.683,753.5,99.4,8.97,168.5,153.7,169.9,6508,110,0.08,-1.8,-1.8,9.57,-244.6,0.21,0.19,1.06,4.13,-0.011,-0.011
8/11/2022,11:19:18 AM,Tank 47,Strauss lab 1,,68.697,753.5,99.7,8.99,168.5,153.7,169.9,6506,110,0.08,-1.8,-1.8,9.57,-244.5,0.24,0.22,1.18,4.64,-0.01,-0.014
8/11/2022,11:19:21 AM,Tank 47,Strauss lab 1,,68.706,753.5,99.9,9.01,168.5,153.7,169.9,6506,110,0.08,-1.8,-1.8,9.57,-244.3,0.31,0.29,1.1,4.31,-0.011,-0.014
8/11/2022,11:19:24 AM,Tank 47,Strauss lab 1,,68.711,753.5,100.1,9.03,168.5,153.7,169.9,6505,110,0.08,-1.8,-1.8,9.56,-244,0.35,0.33,1.09,4.26,-0.01,-0.014
8/11/2022,11:19:27 AM,Tank 47,Strauss lab 1,,68.71,753.5,100.3,9.04,168.5,153.7,169.9,6505,110,0.08,-1.8,-1.8,9.56,-243.7,0.16,0.14,0.91,3.53,-0.007,0.008
8/11/2022,11:19:30 AM,Tank 47,Strauss lab 1,,68.704,753.5,100.5,9.06,168.6,153.7,170,6505,110,0.08,-1.8,-1.8,9.55,-243.4,0.12,0.1,0.93,3.6,-0.009,-0.017
8/11/2022,11:21:09 AM,Tank 48,Strauss lab 1,,69.965,753.5,98.9,8.8,182.6,169,183.9,5919,119,0.09,-2,-2,9.4,-235,0.38,0.36,0.97,3.74,-0.01,-0.024
8/11/2022,11:21:12 AM,Tank 48,Strauss lab 1,,69.972,753.6,99.6,8.86,182.6,169,183.9,5918,119,0.09,-2,-2,9.41,-235.8,0.29,0.27,1,3.88,-0.009,-0.004
8/11/2022,11:21:15 AM,Tank 48,Strauss lab 1,,69.973,753.5,100.3,8.92,182.6,169,183.9,5917,119,0.09,-2,-2,9.42,-236.4,0.27,0.25,0.92,3.54,-0.008,0.003
8/11/2022,11:21:18 AM,Tank 48,Strauss lab 1,,69.962,753.5,101,8.98,182.6,169,183.9,5917,119,0.09,-2,-2,9.43,-237.1,0.13,0.11,0.88,3.41,-0.01,-0.001
8/11/2022,11:21:21 AM,Tank 48,Strauss lab 1,,69.942,753.5,101.5,9.03,182.7,169,184,5917,119,0.09,-2,-2,9.44,-237.5,0.14,0.11,0.73,2.75,-0.01,-0.004
8/11/2022,11:21:24 AM,Tank 48,Strauss lab 1,,69.919,753.5,102,9.07,182.7,169,184,5918,119,0.09,-2,-2,9.45,-237.9,0.35,0.33,0.84,3.22,-0.01,-0.012
8/11/2022,11:21:27 AM,Tank 48,Strauss lab 1,,69.899,753.5,102.4,9.12,182.8,169,184.1,5918,119,0.09,-2,-2,9.45,-238.2,0.5,0.48,0.98,3.79,-0.011,-0.011
8/11/2022,11:21:30 AM,Tank 48,Strauss lab 1,,69.887,753.5,102.8,9.15,182.8,169,184.1,5918,119,0.09,-1.9,-1.9,9.46,-238.5,0.55,0.53,0.95,3.69,-0.01,-0.002
8/11/2022,11:23:31 AM,Tank 49,Strauss lab 1,,63.411,753.6,99.6,9.53,169.5,145,171.6,6895,110,0.08,-1.2,-1.2,10.1,-273,-0.02,-0.04,0.54,1.97,-0.013,-0.015
8/11/2022,11:23:34 AM,Tank 49,Strauss lab 1,,63.391,753.5,100,9.57,169.6,145.1,171.7,6893,110,0.08,-1.2,-1.2,10.09,-272.6,0.08,0.06,0.69,2.6,-0.013,-0.015
8/11/2022,11:23:37 AM,Tank 49,Strauss lab 1,,63.371,753.6,100.3,9.6,169.6,145.1,171.7,6893,110,0.08,-1.2,-1.2,10.09,-272.2,0.1,0.08,0.61,2.28,-0.009,-0.012
8/11/2022,11:23:40 AM,Tank 49,Strauss lab 1,,63.347,753.5,100.5,9.63,169.7,145.1,171.8,6893,110,0.08,-1.2,-1.2,10.08,-271.7,0.14,0.12,0.51,1.84,-0.008,0
8/11/2022,11:23:43 AM,Tank 49,Strauss lab 1,,63.33,753.5,100.8,9.65,169.7,145.1,171.8,6893,110,0.08,-1.2,-1.2,10.07,-271.3,0.14,0.11,0.38,1.31,-0.009,-0.014
8/11/2022,11:23:46 AM,Tank 49,Strauss lab 1,,63.313,753.5,101,9.68,169.7,145.1,171.8,6894,110,0.08,-1.2,-1.2,10.06,-270.9,0.13,0.11,0.33,1.1,-0.01,-0.011
8/11/2022,11:23:49 AM,Tank 49,Strauss lab 1,,63.298,753.6,101.2,9.7,169.7,145.1,171.9,6894,110,0.08,-1.2,-1.2,10.05,-270.4,0.19,0.17,0.35,1.17,-0.01,-0.003
8/11/2022,11:25:48 AM,Tank 52,Strauss lab 1,,64.388,753.5,109.3,10.35,153.3,132.8,155.1,7532,100,0.07,-1.3,-1.3,9.89,-261.5,-0.01,-0.03,0.44,1.55,-0.008,0.006
8/11/2022,11:25:51 AM,Tank 52,Strauss lab 1,,64.388,753.6,109.8,10.39,153.3,132.8,155.1,7530,100,0.07,-1.3,-1.3,9.89,-261.2,0.05,0.02,0.37,1.26,-0.008,-0.001
8/11/2022,11:25:54 AM,Tank 52,Strauss lab 1,,64.387,753.5,110.2,10.43,153.4,132.8,155.2,7528,100,0.07,-1.3,-1.3,9.88,-260.9,0.06,0.04,0.35,1.17,-0.009,-0.017
8/11/2022,11:25:57 AM,Tank 52,Strauss lab 1,,64.382,753.5,110.5,10.46,153.4,132.9,155.2,7526,100,0.07,-1.3,-1.3,9.87,-260.5,0.03,0,0.34,1.13,-0.007,-0.017
8/11/2022,11:26:00 AM,Tank 52,Strauss lab 1,,64.375,753.5,110.8,10.49,153.4,132.9,155.3,7525,100,0.07,-1.3,-1.3,9.87,-260.1,0.01,-0.02,0.29,0.95,-0.009,-0.003
8/11/2022,11:26:03 AM,Tank 52,Strauss lab 1,,64.366,753.5,111,10.51,153.5,132.9,155.3,7524,100,0.07,-1.3,-1.3,9.86,-259.6,-0.01,-0.03,0.21,0.6,-0.009,0.002
8/11/2022,11:26:06 AM,Tank 52,Strauss lab 1,,64.357,753.5,111.3,10.54,153.5,132.9,155.3,7524,100,0.07,-1.3,-1.3,9.85,-259.1,0.03,0,0.2,0.56,-0.01,-0.007
8/11/2022,11:28:55 AM,Tank 62,Strauss lab 1,,68.931,753.5,108.1,9.72,165.2,151,166.5,6621,107,0.08,-1.8,-1.8,9.36,-232.3,0.13,0.1,0.91,3.52,-0.011,-0.022
8/11/2022,11:28:58 AM,Tank 62,Strauss lab 1,,68.91,753.6,108.3,9.74,165.2,151,166.5,6621,107,0.08,-1.8,-1.8,9.36,-232.4,0.16,0.13,0.99,3.86,-0.01,-0.017
8/11/2022,11:29:01 AM,Tank 62,Strauss lab 1,,68.895,753.5,108.4,9.76,165.2,151,166.6,6622,107,0.08,-1.8,-1.8,9.36,-232.4,0.25,0.23,1.08,4.21,-0.009,-0.008
8/11/2022,11:29:04 AM,Tank 62,Strauss lab 1,,68.877,753.5,108.5,9.77,165.2,151,166.6,6622,107,0.08,-1.8,-1.8,9.36,-232.4,0.3,0.28,1.17,4.61,-0.011,-0.01
8/11/2022,11:29:07 AM,Tank 62,Strauss lab 1,,68.856,753.5,108.7,9.78,165.3,151,166.6,6623,107,0.08,-1.8,-1.8,9.36,-232.4,0.31,0.29,1.22,4.82,-0.01,-0.006
8/11/2022,11:29:10 AM,Tank 62,Strauss lab 1,,68.84,753.5,108.8,9.79,165.3,151,166.6,6623,107,0.08,-1.8,-1.8,9.36,-232.4,0.32,0.3,1.3,5.16,-0.009,-0.001
8/11/2022,11:29:13 AM,Tank 62,Strauss lab 1,,68.822,753.5,108.9,9.81,165.3,151,166.6,6624,107,0.08,-1.8,-1.8,9.36,-232.4,0.39,0.37,1.26,4.96,-0.008,-0.012
8/11/2022,11:31:03 AM,Tank 63,Strauss lab 1,,69.04,753.5,98,8.81,165.9,151.9,167.2,6585,108,0.08,-1.9,-1.9,9.42,-235.9,0.33,0.31,1.15,4.53,-0.009,-0.024
8/11/2022,11:31:06 AM,Tank 63,Strauss lab 1,,69.035,753.5,98.4,8.84,165.9,151.9,167.2,6585,108,0.08,-1.9,-1.9,9.43,-236.4,0.41,0.39,1.2,4.73,-0.009,-0.001
8/11/2022,11:31:09 AM,Tank 63,Strauss lab 1,,69.024,753.5,98.7,8.87,165.9,151.9,167.2,6585,108,0.08,-1.9,-1.9,9.43,-236.8,0.33,0.31,1.13,4.45,-0.011,-0.012
8/11/2022,11:31:12 AM,Tank 63,Strauss lab 1,,69.003,753.6,99,8.9,165.9,151.8,167.3,6586,108,0.08,-1.8,-1.8,9.44,-237.1,0.39,0.37,1.11,4.34,-0.012,-0.015
8/11/2022,11:31:15 AM,Tank 63,Strauss lab 1,,68.983,753.5,99.2,8.92,165.9,151.8,167.3,6586,108,0.08,-1.8,-1.8,9.44,-237.4,0.38,0.36,1.02,3.98,-0.011,-0.024
8/11/2022,11:31:18 AM,Tank 63,Strauss lab 1,,68.965,753.5,99.5,8.94,166,151.8,167.3,6587,108,0.08,-1.8,-1.8,9.45,-237.6,0.43,0.41,1.01,3.94,-0.008,-0.012
8/11/2022,11:31:21 AM,Tank 63,Strauss lab 1,,68.938,753.5,99.7,8.97,165.9,151.7,167.3,6590,108,0.08,-1.8,-1.8,9.45,-237.9,0.42,0.4,0.98,3.81,-0.007,-0.006
8/11/2022,11:31:24 AM,Tank 63,Strauss lab 1,,68.909,753.5,99.9,8.99,166,151.7,167.3,6592,108,0.08,-1.8,-1.8,9.45,-238,0.43,0.41,0.99,3.86,-0.007,-0.009
8/11/2022,11:34:49 AM,Tank 01,Strauss lab 1,,64.924,753.5,128.1,12.05,160.4,139.9,162.2,7150,104,0.08,-1.4,-1.4,10.21,-279.7,0.06,0.03,0.14,0.31,-0.008,-0.031
8/11/2022,11:34:52 AM,Tank 01,Strauss lab 1,,64.905,753.6,128.3,12.07,160.4,139.8,162.3,7151,104,0.08,-1.4,-1.4,10.21,-279.6,-0.02,-0.04,0.11,0.17,-0.01,-0.005
8/11/2022,11:34:55 AM,Tank 01,Strauss lab 1,,64.882,753.5,128.4,12.08,160.4,139.8,162.3,7152,104,0.08,-1.4,-1.4,10.21,-279.5,-0.02,-0.04,0.11,0.17,-0.01,0.003
8/11/2022,11:34:58 AM,Tank 01,Strauss lab 1,,64.857,753.6,128.5,12.1,160.5,139.8,162.3,7153,104,0.08,-1.4,-1.4,10.2,-279.4,0.03,0,0.16,0.4,-0.013,-0.017
8/11/2022,11:35:01 AM,Tank 01,Strauss lab 1,,64.828,753.5,128.6,12.11,160.5,139.8,162.4,7153,104,0.08,-1.4,-1.4,10.2,-279.2,0.12,0.09,0.22,0.65,-0.009,-0.005
8/11/2022,11:35:04 AM,Tank 01,Strauss lab 1,,64.807,753.5,128.7,12.13,160.5,139.8,162.4,7154,104,0.08,-1.4,-1.4,10.2,-279,0.06,0.03,0.26,0.82,-0.008,-0.011
8/11/2022,11:35:07 AM,Tank 01,Strauss lab 1,,64.789,753.5,128.9,12.14,160.6,139.8,162.4,7156,104,0.08,-1.4,-1.4,10.2,-278.9,0,-0.03,0.3,0.98,-0.008,-0.011
8/11/2022,11:37:02 AM,Tank 03,Strauss lab 1,,64.418,753.6,112.2,10.62,167,144.7,168.9,6912,109,0.08,-1.3,-1.3,10.09,-272.7,0.39,0.37,1.62,6.46,-0.005,-0.002
8/11/2022,11:37:05 AM,Tank 03,Strauss lab 1,,64.426,753.5,112.8,10.68,166.8,144.5,168.8,6918,108,0.08,-1.3,-1.3,10.09,-272.6,0.38,0.36,1.31,5.17,-0.009,-0.005
8/11/2022,11:37:08 AM,Tank 03,Strauss lab 1,,64.427,753.6,113.4,10.73,166.7,144.5,168.6,6923,108,0.08,-1.3,-1.3,10.08,-272.2,0.32,0.3,1.48,5.89,-0.01,-0.004
8/11/2022,11:37:11 AM,Tank 03,Strauss lab 1,,64.414,753.5,113.8,10.77,166.7,144.4,168.6,6925,108,0.08,-1.3,-1.3,10.07,-271.6,0.26,0.24,1.45,5.76,-0.011,-0.018
8/11/2022,11:37:14 AM,Tank 03,Strauss lab 1,,64.385,753.5,114.3,10.81,166.6,144.3,168.6,6928,108,0.08,-1.3,-1.3,10.06,-271.1,0.27,0.25,1.43,5.68,-0.009,-0.005
8/11/2022,11:37:17 AM,Tank 03,Strauss lab 1,,64.347,753.5,114.7,10.86,166.6,144.2,168.6,6932,108,0.08,-1.3,-1.3,10.05,-270.8,0.36,0.33,1.46,5.82,-0.01,-0.007
8/11/2022,11:37:20 AM,Tank 03,Strauss lab 1,,64.308,753.6,115.1,10.91,166.6,144.1,168.5,6937,108,0.08,-1.3,-1.3,10.05,-270.6,0.4,0.38,1.53,6.1,-0.01,-0.001
8/11/2022,11:39:30 AM,Tank 04,Strauss lab 1,,65.831,753.6,119.2,11.1,157,138.4,158.7,7225,102,0.07,-1.5,-1.5,9.94,-264.8,0.03,0.01,0.06,-0.01,-0.005,-0.011
8/11/2022,11:39:33 AM,Tank 04,Strauss lab 1,,65.755,753.5,119.8,11.16,157.1,138.4,158.8,7226,102,0.07,-1.5,-1.5,9.94,-264.9,0.08,0.06,0.08,0.06,-0.007,-0.002
8/11/2022,11:39:36 AM,Tank 04,Strauss lab 1,,65.697,753.6,120.2,11.21,157.2,138.4,158.9,7228,102,0.07,-1.5,-1.5,9.95,-265,0.06,0.04,0.06,-0.03,-0.01,-0.01
8/11/2022,11:39:39 AM,Tank 04,Strauss lab 1,,65.65,753.6,120.7,11.26,157.3,138.3,159,7229,102,0.07,-1.5,-1.5,9.95,-265.1,0.04,0.01,0.1,0.13,-0.008,0.005
8/11/2022,11:39:42 AM,Tank 04,Strauss lab 1,,65.633,753.5,121.1,11.31,157.3,138.3,159,7230,102,0.07,-1.5,-1.5,9.95,-265.1,0.06,0.04,0.05,-0.07,-0.007,0
8/11/2022,11:39:45 AM,Tank 04,Strauss lab 1,,65.636,753.6,121.4,11.33,157.3,138.3,159,7231,102,0.07,-1.5,-1.5,9.95,-265,0.15,0.13,0.03,-0.14,-0.009,-0.023
8/11/2022,11:39:48 AM,Tank 04,Strauss lab 1,,65.634,753.6,121.7,11.35,157.2,138.3,158.9,7232,102,0.07,-1.5,-1.5,9.94,-264.9,0.16,0.14,-0.01,-0.32,-0.007,0.003
8/11/2022,11:39:51 AM,Tank 04,Strauss lab 1,,65.608,753.6,121.8,11.37,157.3,138.3,159,7233,102,0.07,-1.5,-1.5,9.94,-264.9,0.07,0.05,0.02,-0.21,-0.009,0
8/11/2022,11:39:54 AM,Tank 04,Strauss lab 1,,65.575,753.5,122,11.39,157.3,138.2,159,7234,102,0.07,-1.5,-1.5,9.94,-264.8,0.03,0.01,0.07,0.04,-0.011,-0.012
8/11/2022,11:39:57 AM,Tank 04,Strauss lab 1,,65.543,753.6,122.2,11.41,157.3,138.2,159.1,7235,102,0.07,-1.5,-1.5,9.94,-264.8,0.09,0.07,0.11,0.18,-0.012,-0.015
8/11/2022,11:40:00 AM,Tank 04,Strauss lab 1,,65.523,753.5,122.3,11.43,157.4,138.2,159.1,7236,102,0.07,-1.5,-1.5,9.94,-264.7,0.02,0,0.12,0.23,-0.01,-0.011
8/11/2022,11:41:46 AM,Tank 14,Strauss lab 1,,69.058,753.6,99.9,8.97,176.2,161.3,177.6,6199,115,0.08,-1.9,-1.9,9.39,-234.3,0.43,0.41,0.82,3.14,-0.009,-0.019
8/11/2022,11:41:49 AM,Tank 14,Strauss lab 1,,69.033,753.5,100.4,9.02,176.2,161.3,177.6,6198,115,0.08,-1.8,-1.8,9.39,-234.6,0.32,0.3,0.7,2.63,-0.008,0.007
8/11/2022,11:41:52 AM,Tank 14,Strauss lab 1,,69.004,753.5,101,9.08,176.3,161.4,177.7,6197,115,0.08,-1.8,-1.8,9.4,-234.8,0.34,0.32,0.75,2.86,-0.009,0.002
8/11/2022,11:41:55 AM,Tank 14,Strauss lab 1,,68.988,753.6,101.5,9.12,176.4,161.4,177.8,6197,115,0.08,-1.8,-1.8,9.4,-235,0.39,0.37,0.76,2.9,-0.009,-0.014
8/11/2022,11:41:58 AM,Tank 14,Strauss lab 1,,68.979,753.7,101.9,9.17,176.4,161.4,177.8,6197,115,0.08,-1.8,-1.8,9.4,-235.1,0.43,0.41,0.9,3.49,-0.009,-0.019
8/11/2022,11:42:01 AM,Tank 14,Strauss lab 1,,68.976,753.5,102.3,9.2,176.4,161.4,177.8,6197,115,0.08,-1.8,-1.8,9.41,-235.3,0.46,0.44,0.84,3.23,-0.007,-0.011
8/11/2022,11:44:27 AM,Tank 20,Strauss lab 1,,65.496,753.6,129.3,12.08,160.1,140.5,161.8,7115,104,0.08,-1.5,-1.5,9.94,-264.8,0.21,0.19,0.5,1.81,-0.013,-0.036
8/11/2022,11:44:30 AM,Tank 20,Strauss lab 1,,65.463,753.6,129.7,12.13,160.1,140.5,161.9,7117,104,0.08,-1.5,-1.5,9.95,-265,0.14,0.12,0.55,2.02,-0.013,-0.025
8/11/2022,11:44:33 AM,Tank 20,Strauss lab 1,,65.434,753.5,130.1,12.17,160.1,140.5,161.9,7119,104,0.08,-1.5,-1.5,9.95,-265.1,0.07,0.05,0.52,1.91,-0.009,-0.006
8/11/2022,11:44:36 AM,Tank 20,Strauss lab 1,,65.414,753.5,130.5,12.2,160.1,140.4,161.9,7121,104,0.08,-1.4,-1.4,9.95,-265.2,0.02,0,0.46,1.65,-0.009,0
8/11/2022,11:44:39 AM,Tank 20,Strauss lab 1,,65.4,753.5,130.8,12.24,160.1,140.4,161.9,7121,104,0.08,-1.4,-1.4,9.95,-265.2,-0.07,-0.1,0.42,1.49,-0.009,-0.003
8/11/2022,11:44:42 AM,Tank 20,Strauss lab 1,,65.392,753.5,131.2,12.27,160.1,140.4,161.9,7122,104,0.08,-1.4,-1.4,9.95,-265.2,0.02,0,0.43,1.5,-0.007,0
8/11/2022,11:44:45 AM,Tank 20,Strauss lab 1,,65.381,753.5,131.5,12.31,160.2,140.4,161.9,7122,104,0.08,-1.4,-1.4,9.95,-265.2,0.08,0.05,0.51,1.84,-0.008,0
